5005606;2023-12-20 00:00:00;;;;;75;26;1;SW;10
5005606;2023-12-20 03:00:00;;;;;55;31;1;W;10
5005606;2023-12-20 06:00:00;;;;;55;32;1;NW;10
5005606;2023-12-20 09:00:00;;;;;55;31;1;NW;20
5005606;2023-12-20 12:00:00;24;32;55;85;70;29;1;N;10
5005606;2023-12-20 15:00:00;;;;;75;27;1;SE;0
5005606;2023-12-20 18:00:00;;;;;80;25;1;SE;10
5005606;2023-12-20 21:00:00;;;;;85;24;1;S;10
5005606;2023-12-21 00:00:00;;;;;85;25;1;SW;10
5005606;2023-12-21 03:00:00;;;;;65;31;1;W;0
5005606;2023-12-21 06:00:00;;;;;60;32;1;NW;20
5005606;2023-12-21 09:00:00;;;;;55;31;1;NW;20
5005606;2023-12-21 12:00:00;24;32;55;85;60;29;1;NW;10
5005606;2023-12-21 15:00:00;;;;;60;28;1;SW;10
5005606;2023-12-21 18:00:00;;;;;75;25;1;S;10
5005606;2023-12-21 21:00:00;;;;;85;24;1;S;10
5005606;2023-12-22 00:00:00;;;;;85;27;1;S;0
5005606;2023-12-22 03:00:00;;;;;65;31;1;W;0
5005606;2023-12-22 06:00:00;;;;;60;32;1;NW;10
5005606;2023-12-22 09:00:00;;;;;60;31;3;NW;20
5005606;2023-12-22 12:00:00;26;32;55;85;55;29;3;NE;0
5005606;2023-12-22 15:00:00;;;;;65;28;60;E;10
5005606;2023-12-22 18:00:00;;;;;80;27;3;E;0
5005606;2023-12-22 21:00:00;;;;;85;26;3;S;0
5005606;2023-12-23 00:00:00;;;;;90;27;1;SE;10
5005606;2023-12-23 06:00:00;;;;;70;31;1;N;10
5005606;2023-12-23 12:00:00;25;31;70;95;80;28;95;N;0
5005606;2023-12-23 18:00:00;;;;;95;25;3;SE;10
5005606;2023-12-24 00:00:00;;;;;90;26;1;SE;0
5005606;2023-12-24 06:00:00;;;;;75;31;1;NW;10
5005606;2023-12-24 12:00:00;24;31;75;90;90;26;1;SE;0
5005606;2023-12-24 18:00:00;;;;;90;24;60;SE;0
5005606;2023-12-25 00:00:00;;;;;95;25;1;E;0
5005606;2023-12-25 06:00:00;;;;;75;30;60;NW;10
5005606;2023-12-25 12:00:00;25;30;75;95;90;25;95;SE;0
5005606;2023-12-25 18:00:00;;;;;95;25;60;SE;0
5005606;2023-12-26 00:00:00;;;;;90;25;1;S;0
5005606;2023-12-26 06:00:00;;;;;75;30;60;NW;10
5005606;2023-12-26 12:00:00;25;30;75;90;85;27;1;E;10
5005606;2023-12-26 18:00:00;;;;;90;26;3;NE;0
5005613;2023-12-20 00:00:00;;;;;80;25;1;SW;10
5005613;2023-12-20 03:00:00;;;;;65;30;1;NW;10
5005613;2023-12-20 06:00:00;;;;;55;31;1;N;0
5005613;2023-12-20 09:00:00;;;;;65;30;1;NW;20
5005613;2023-12-20 12:00:00;24;31;55;85;75;29;1;N;0
5005613;2023-12-20 15:00:00;;;;;75;26;1;SW;10
5005613;2023-12-20 18:00:00;;;;;75;26;1;S;10
5005613;2023-12-20 21:00:00;;;;;85;24;1;SW;10
5005613;2023-12-21 00:00:00;;;;;90;25;1;SW;10
5005613;2023-12-21 03:00:00;;;;;70;30;1;NW;10
5005613;2023-12-21 06:00:00;;;;;65;30;1;NW;20
5005613;2023-12-21 09:00:00;;;;;60;30;1;NW;20
5005613;2023-12-21 12:00:00;25;30;55;90;55;30;0;NW;20
5005613;2023-12-21 15:00:00;;;;;60;27;1;SW;20
5005613;2023-12-21 18:00:00;;;;;70;25;1;SW;10
5005613;2023-12-21 21:00:00;;;;;75;25;1;SW;10
5005613;2023-12-22 00:00:00;;;;;85;26;1;SW;10
5005613;2023-12-22 03:00:00;;;;;70;30;1;NW;10
5005613;2023-12-22 06:00:00;;;;;70;30;1;NW;20
5005613;2023-12-22 09:00:00;;;;;65;30;3;NW;20
5005613;2023-12-22 12:00:00;26;30;65;85;65;29;3;NW;0
5005613;2023-12-22 15:00:00;;;;;65;28;3;S;0
5005613;2023-12-22 18:00:00;;;;;80;27;3;S;0
5005613;2023-12-22 21:00:00;;;;;80;26;3;S;10
5005613;2023-12-23 00:00:00;;;;;85;27;1;SE;0
5005613;2023-12-23 06:00:00;;;;;75;30;0;N;20
5005613;2023-12-23 12:00:00;25;30;75;90;80;28;60;NE;0
5005613;2023-12-23 18:00:00;;;;;90;25;1;SE;10
5005613;2023-12-24 00:00:00;;;;;90;26;1;SE;0
5005613;2023-12-24 06:00:00;;;;;80;29;0;N;0
5005613;2023-12-24 12:00:00;25;29;80;90;85;27;1;N;0
5005613;2023-12-24 18:00:00;;;;;90;25;1;SE;0
5005613;2023-12-25 00:00:00;;;;;95;26;1;SE;0
5005613;2023-12-25 06:00:00;;;;;80;29;1;NW;10
5005613;2023-12-25 12:00:00;25;29;80;95;90;26;60;E;10
5005613;2023-12-25 18:00:00;;;;;95;25;1;SE;10
5005613;2023-12-26 00:00:00;;;;;95;26;1;S;10
5005613;2023-12-26 06:00:00;;;;;75;29;1;N;0
5005613;2023-12-26 12:00:00;26;29;75;95;80;28;1;E;0
5005613;2023-12-26 18:00:00;;;;;90;26;1;NE;0
5005623;2023-12-20 00:00:00;;;;;85;25;1;SW;10
5005623;2023-12-20 03:00:00;;;;;55;31;1;NW;10
5005623;2023-12-20 06:00:00;;;;;50;31;1;N;0
5005623;2023-12-20 09:00:00;;;;;65;30;1;NW;20
5005623;2023-12-20 12:00:00;23;31;50;95;70;28;1;W;10
5005623;2023-12-20 15:00:00;;;;;80;25;1;W;10
5005623;2023-12-20 18:00:00;;;;;80;25;1;SW;10
5005623;2023-12-20 21:00:00;;;;;95;23;1;SW;10
5005623;2023-12-21 00:00:00;;;;;90;25;1;SW;10
5005623;2023-12-21 03:00:00;;;;;65;30;1;NW;0
5005623;2023-12-21 06:00:00;;;;;55;31;1;NW;20
5005623;2023-12-21 09:00:00;;;;;55;31;1;NW;20
5005623;2023-12-21 12:00:00;24;31;55;90;55;30;0;W;10
5005623;2023-12-21 15:00:00;;;;;65;27;1;SW;20
5005623;2023-12-21 18:00:00;;;;;75;25;1;SW;10
5005623;2023-12-21 21:00:00;;;;;75;24;1;SW;10
5005623;2023-12-22 00:00:00;;;;;85;25;1;SW;10
5005623;2023-12-22 03:00:00;;;;;65;31;1;N;0
5005623;2023-12-22 06:00:00;;;;;65;31;3;N;0
5005623;2023-12-22 09:00:00;;;;;55;30;3;NW;20
5005623;2023-12-22 12:00:00;25;31;55;85;70;29;3;NW;10
5005623;2023-12-22 15:00:00;;;;;65;27;3;SW;10
5005623;2023-12-22 18:00:00;;;;;75;27;3;SW;10
5005623;2023-12-22 21:00:00;;;;;80;26;3;SW;10
5005623;2023-12-23 00:00:00;;;;;75;27;1;SW;0
5005623;2023-12-23 06:00:00;;;;;75;30;1;N;20
5005623;2023-12-23 12:00:00;25;30;75;90;80;28;1;N;0
5005623;2023-12-23 18:00:00;;;;;90;25;1;SE;0
5005623;2023-12-24 00:00:00;;;;;90;26;1;S;0
5005623;2023-12-24 06:00:00;;;;;80;30;60;N;0
5005623;2023-12-24 12:00:00;25;30;80;95;85;27;1;SW;0
5005623;2023-12-24 18:00:00;;;;;95;25;1;SE;0
5005623;2023-12-25 00:00:00;;;;;95;26;1;SE;0
5005623;2023-12-25 06:00:00;;;;;75;29;1;N;0
5005623;2023-12-25 12:00:00;25;29;75;95;85;27;60;E;10
5005623;2023-12-25 18:00:00;;;;;95;25;60;SE;10
5005623;2023-12-26 00:00:00;;;;;95;25;1;S;10
5005623;2023-12-26 06:00:00;;;;;70;30;1;N;0
5005623;2023-12-26 12:00:00;25;30;70;95;80;28;1;NE;0
5005623;2023-12-26 18:00:00;;;;;90;26;60;E;10
5005591;2023-12-20 00:00:00;;;;;75;25;1;SW;10
5005591;2023-12-20 03:00:00;;;;;50;32;1;W;10
5005591;2023-12-20 06:00:00;;;;;45;34;1;NW;10
5005591;2023-12-20 09:00:00;;;;;55;31;1;N;0
5005591;2023-12-20 12:00:00;23;34;45;85;75;27;1;NE;10
5005591;2023-12-20 15:00:00;;;;;75;26;1;E;10
5005591;2023-12-20 18:00:00;;;;;75;25;1;S;10
5005591;2023-12-20 21:00:00;;;;;85;23;1;SW;10
5005591;2023-12-21 00:00:00;;;;;90;25;1;SW;10
5005591;2023-12-21 03:00:00;;;;;60;31;1;W;0
5005591;2023-12-21 06:00:00;;;;;50;34;1;NW;10
5005591;2023-12-21 09:00:00;;;;;55;32;1;NW;20
5005591;2023-12-21 12:00:00;23;34;50;90;55;29;1;NW;10
5005591;2023-12-21 15:00:00;;;;;65;26;1;S;10
5005591;2023-12-21 18:00:00;;;;;75;24;1;SW;0
5005591;2023-12-21 21:00:00;;;;;75;23;1;SW;10
5005591;2023-12-22 00:00:00;;;;;80;26;1;W;0
5005591;2023-12-22 03:00:00;;;;;65;32;1;N;0
5005591;2023-12-22 06:00:00;;;;;50;34;3;N;0
5005591;2023-12-22 09:00:00;;;;;60;32;3;NW;10
5005591;2023-12-22 12:00:00;25;34;50;80;60;28;3;E;10
5005591;2023-12-22 15:00:00;;;;;70;28;3;SE;10
5005591;2023-12-22 18:00:00;;;;;80;26;3;SW;0
5005591;2023-12-22 21:00:00;;;;;80;25;3;SW;0
5005591;2023-12-23 00:00:00;;;;;85;27;1;N;0
5005591;2023-12-23 06:00:00;;;;;70;31;0;N;0
5005591;2023-12-23 12:00:00;25;31;70;90;80;27;60;N;0
5005591;2023-12-23 18:00:00;;;;;90;25;1;E;0
5005591;2023-12-24 00:00:00;;;;;90;26;0;SE;0
5005591;2023-12-24 06:00:00;;;;;70;31;1;N;0
5005591;2023-12-24 12:00:00;24;31;70;95;90;26;1;NE;0
5005591;2023-12-24 18:00:00;;;;;95;24;60;N;0
5005591;2023-12-25 00:00:00;;;;;95;25;1;SE;0
5005591;2023-12-25 06:00:00;;;;;70;31;1;N;0
5005591;2023-12-25 12:00:00;24;31;70;95;90;25;60;E;0
5005591;2023-12-25 18:00:00;;;;;95;24;60;N;0
5005591;2023-12-26 00:00:00;;;;;95;25;1;S;0
5005591;2023-12-26 06:00:00;;;;;65;31;60;N;0
5005591;2023-12-26 12:00:00;25;31;65;95;85;27;1;E;0
5005591;2023-12-26 18:00:00;;;;;90;25;1;E;0
5005630;2023-12-20 00:00:00;;;;;75;26;1;SW;10
5005630;2023-12-20 03:00:00;;;;;55;31;1;W;10
5005630;2023-12-20 06:00:00;;;;;55;32;1;NW;10
5005630;2023-12-20 09:00:00;;;;;55;31;1;NW;20
5005630;2023-12-20 12:00:00;24;32;55;85;70;29;1;N;10
5005630;2023-12-20 15:00:00;;;;;75;27;1;SE;0
5005630;2023-12-20 18:00:00;;;;;80;25;1;SE;10
5005630;2023-12-20 21:00:00;;;;;85;24;1;S;10
5005630;2023-12-21 00:00:00;;;;;85;25;1;SW;10
5005630;2023-12-21 03:00:00;;;;;65;31;1;W;0
5005630;2023-12-21 06:00:00;;;;;60;32;1;NW;20
5005630;2023-12-21 09:00:00;;;;;55;31;1;NW;20
5005630;2023-12-21 12:00:00;24;32;55;85;60;29;1;NW;10
5005630;2023-12-21 15:00:00;;;;;60;28;1;SW;10
5005630;2023-12-21 18:00:00;;;;;75;25;1;S;10
5005630;2023-12-21 21:00:00;;;;;85;24;1;S;10
5005630;2023-12-22 00:00:00;;;;;85;27;1;S;0
5005630;2023-12-22 03:00:00;;;;;65;31;1;W;0
5005630;2023-12-22 06:00:00;;;;;60;32;1;NW;10
5005630;2023-12-22 09:00:00;;;;;60;31;3;NW;20
5005630;2023-12-22 12:00:00;26;32;55;85;55;29;3;NE;0
5005630;2023-12-22 15:00:00;;;;;65;28;3;E;10
5005630;2023-12-22 18:00:00;;;;;80;27;3;E;0
5005630;2023-12-22 21:00:00;;;;;85;26;3;S;0
5005630;2023-12-23 00:00:00;;;;;90;27;1;SE;10
5005630;2023-12-23 06:00:00;;;;;70;31;1;N;10
5005630;2023-12-23 12:00:00;25;31;70;95;80;28;95;N;0
5005630;2023-12-23 18:00:00;;;;;95;25;3;SE;10
5005630;2023-12-24 00:00:00;;;;;90;26;1;SE;0
5005630;2023-12-24 06:00:00;;;;;75;31;1;NW;10
5005630;2023-12-24 12:00:00;24;31;75;90;90;26;1;SE;0
5005630;2023-12-24 18:00:00;;;;;90;24;60;SE;0
5005630;2023-12-25 00:00:00;;;;;95;25;1;E;0
5005630;2023-12-25 06:00:00;;;;;75;30;60;NW;10
5005630;2023-12-25 12:00:00;25;30;75;95;90;25;95;SE;0
5005630;2023-12-25 18:00:00;;;;;95;25;60;SE;0
5005630;2023-12-26 00:00:00;;;;;90;25;1;S;0
5005630;2023-12-26 06:00:00;;;;;75;30;60;NW;10
5005630;2023-12-26 12:00:00;25;30;75;90;85;27;1;E;10
5005630;2023-12-26 18:00:00;;;;;90;26;3;NE;0
5005601;2023-12-20 00:00:00;;;;;75;25;1;SW;0
5005601;2023-12-20 03:00:00;;;;;45;32;1;SW;0
5005601;2023-12-20 06:00:00;;;;;35;34;1;NW;0
5005601;2023-12-20 09:00:00;;;;;45;32;1;N;0
5005601;2023-12-20 12:00:00;22;34;35;85;75;27;1;NE;10
5005601;2023-12-20 15:00:00;;;;;70;26;1;E;10
5005601;2023-12-20 18:00:00;;;;;75;24;1;SE;10
5005601;2023-12-20 21:00:00;;;;;85;22;1;SW;10
5005601;2023-12-21 00:00:00;;;;;80;25;1;W;10
5005601;2023-12-21 03:00:00;;;;;60;31;1;NW;0
5005601;2023-12-21 06:00:00;;;;;40;34;1;NW;10
5005601;2023-12-21 09:00:00;;;;;45;33;1;N;0
5005601;2023-12-21 12:00:00;23;34;40;80;55;28;1;N;0
5005601;2023-12-21 15:00:00;;;;;65;26;1;SE;10
5005601;2023-12-21 18:00:00;;;;;75;24;1;S;0
5005601;2023-12-21 21:00:00;;;;;80;23;1;SW;10
5005601;2023-12-22 00:00:00;;;;;75;26;0;SW;0
5005601;2023-12-22 03:00:00;;;;;55;32;1;W;0
5005601;2023-12-22 06:00:00;;;;;40;35;3;NW;10
5005601;2023-12-22 09:00:00;;;;;55;32;3;N;0
5005601;2023-12-22 12:00:00;25;35;40;80;55;29;3;E;10
5005601;2023-12-22 15:00:00;;;;;75;27;60;E;10
5005601;2023-12-22 18:00:00;;;;;80;26;3;S;0
5005601;2023-12-22 21:00:00;;;;;80;25;3;SW;0
5005601;2023-12-23 00:00:00;;;;;80;27;0;NE;0
5005601;2023-12-23 06:00:00;;;;;55;34;1;NW;10
5005601;2023-12-23 12:00:00;24;34;55;95;85;27;60;NE;10
5005601;2023-12-23 18:00:00;;;;;95;24;1;SE;0
5005601;2023-12-24 00:00:00;;;;;90;26;0;N;0
5005601;2023-12-24 06:00:00;;;;;60;33;1;N;0
5005601;2023-12-24 12:00:00;24;33;60;95;90;26;60;NE;0
5005601;2023-12-24 18:00:00;;;;;95;24;60;E;0
5005601;2023-12-25 00:00:00;;;;;95;25;1;SE;0
5005601;2023-12-25 06:00:00;;;;;55;32;60;NW;10
5005601;2023-12-25 12:00:00;24;32;55;95;90;26;60;N;0
5005601;2023-12-25 18:00:00;;;;;95;24;60;E;0
5005601;2023-12-26 00:00:00;;;;;95;25;1;S;0
5005601;2023-12-26 06:00:00;;;;;60;32;60;N;0
5005601;2023-12-26 12:00:00;24;32;60;95;90;26;1;E;0
5005601;2023-12-26 18:00:00;;;;;95;24;1;NE;0
5005600;2023-12-20 00:00:00;;;;;75;25;1;SW;0
5005600;2023-12-20 03:00:00;;;;;45;32;1;SW;0
5005600;2023-12-20 06:00:00;;;;;35;34;1;NW;0
5005600;2023-12-20 09:00:00;;;;;45;32;1;N;0
5005600;2023-12-20 12:00:00;22;34;35;85;75;27;1;NE;10
5005600;2023-12-20 15:00:00;;;;;70;26;1;E;10
5005600;2023-12-20 18:00:00;;;;;75;24;1;SE;10
5005600;2023-12-20 21:00:00;;;;;85;22;1;SW;10
5005600;2023-12-21 00:00:00;;;;;80;25;1;W;10
5005600;2023-12-21 03:00:00;;;;;60;31;1;NW;0
5005600;2023-12-21 06:00:00;;;;;40;34;1;NW;10
5005600;2023-12-21 09:00:00;;;;;45;33;1;N;0
5005600;2023-12-21 12:00:00;23;34;40;80;55;28;1;N;0
5005600;2023-12-21 15:00:00;;;;;65;26;1;SE;10
5005600;2023-12-21 18:00:00;;;;;75;24;1;S;0
5005600;2023-12-21 21:00:00;;;;;80;23;1;SW;10
5005600;2023-12-22 00:00:00;;;;;75;26;0;SW;0
5005600;2023-12-22 03:00:00;;;;;55;32;1;W;0
5005600;2023-12-22 06:00:00;;;;;40;35;3;NW;10
5005600;2023-12-22 09:00:00;;;;;55;32;3;N;0
5005600;2023-12-22 12:00:00;25;35;40;80;55;29;3;E;10
5005600;2023-12-22 15:00:00;;;;;75;27;60;E;10
5005600;2023-12-22 18:00:00;;;;;80;26;3;S;0
5005600;2023-12-22 21:00:00;;;;;80;25;3;SW;0
5005600;2023-12-23 00:00:00;;;;;80;27;0;NE;0
5005600;2023-12-23 06:00:00;;;;;55;34;1;NW;10
5005600;2023-12-23 12:00:00;24;34;55;95;85;27;60;NE;10
5005600;2023-12-23 18:00:00;;;;;95;24;1;SE;0
5005600;2023-12-24 00:00:00;;;;;90;26;0;N;0
5005600;2023-12-24 06:00:00;;;;;60;33;1;N;0
5005600;2023-12-24 12:00:00;24;33;60;95;90;26;60;NE;0
5005600;2023-12-24 18:00:00;;;;;95;24;60;E;0
5005600;2023-12-25 00:00:00;;;;;95;25;1;SE;0
5005600;2023-12-25 06:00:00;;;;;55;32;60;NW;10
5005600;2023-12-25 12:00:00;24;32;55;95;90;26;60;N;0
5005600;2023-12-25 18:00:00;;;;;95;24;60;E;0
5005600;2023-12-26 00:00:00;;;;;95;25;1;S;0
5005600;2023-12-26 06:00:00;;;;;60;32;60;N;0
5005600;2023-12-26 12:00:00;24;32;60;95;90;26;1;E;0
5005600;2023-12-26 18:00:00;;;;;95;24;1;NE;0
5005605;2023-12-20 00:00:00;;;;;75;25;1;SW;10
5005605;2023-12-20 03:00:00;;;;;50;32;1;W;10
5005605;2023-12-20 06:00:00;;;;;45;34;1;NW;10
5005605;2023-12-20 09:00:00;;;;;55;31;1;N;0
5005605;2023-12-20 12:00:00;23;34;45;85;75;27;1;NE;10
5005605;2023-12-20 15:00:00;;;;;75;26;1;E;10
5005605;2023-12-20 18:00:00;;;;;75;25;1;S;10
5005605;2023-12-20 21:00:00;;;;;85;23;1;SW;10
5005605;2023-12-21 00:00:00;;;;;90;25;1;SW;10
5005605;2023-12-21 03:00:00;;;;;60;31;1;W;0
5005605;2023-12-21 06:00:00;;;;;50;34;1;NW;10
5005605;2023-12-21 09:00:00;;;;;55;32;1;NW;20
5005605;2023-12-21 12:00:00;23;34;50;90;55;29;1;NW;10
5005605;2023-12-21 15:00:00;;;;;65;26;1;S;10
5005605;2023-12-21 18:00:00;;;;;75;24;1;SW;0
5005605;2023-12-21 21:00:00;;;;;75;23;1;SW;10
5005605;2023-12-22 00:00:00;;;;;80;26;1;W;0
5005605;2023-12-22 03:00:00;;;;;65;32;1;N;0
5005605;2023-12-22 06:00:00;;;;;50;34;3;N;0
5005605;2023-12-22 09:00:00;;;;;60;32;3;NW;10
5005605;2023-12-22 12:00:00;25;34;50;80;60;28;3;E;10
5005605;2023-12-22 15:00:00;;;;;70;28;60;SE;10
5005605;2023-12-22 18:00:00;;;;;80;26;3;SW;0
5005605;2023-12-22 21:00:00;;;;;80;25;3;SW;0
5005605;2023-12-23 00:00:00;;;;;85;27;1;N;0
5005605;2023-12-23 06:00:00;;;;;70;31;0;N;0
5005605;2023-12-23 12:00:00;25;31;70;90;80;27;60;N;0
5005605;2023-12-23 18:00:00;;;;;90;25;1;E;0
5005605;2023-12-24 00:00:00;;;;;90;26;0;SE;0
5005605;2023-12-24 06:00:00;;;;;70;31;1;N;0
5005605;2023-12-24 12:00:00;24;31;70;95;90;26;1;NE;0
5005605;2023-12-24 18:00:00;;;;;95;24;60;N;0
5005605;2023-12-25 00:00:00;;;;;95;25;1;SE;0
5005605;2023-12-25 06:00:00;;;;;70;31;1;N;0
5005605;2023-12-25 12:00:00;24;31;70;95;90;25;60;E;0
5005605;2023-12-25 18:00:00;;;;;95;24;60;N;0
5005605;2023-12-26 00:00:00;;;;;95;25;1;S;0
5005605;2023-12-26 06:00:00;;;;;65;31;60;N;0
5005605;2023-12-26 12:00:00;25;31;65;95;75;28;0;N;0
5005605;2023-12-26 18:00:00;;;;;90;26;3;E;0
5005616;2023-12-20 00:00:00;;;;;80;25;1;SW;10
5005616;2023-12-20 03:00:00;;;;;65;30;1;NW;10
5005616;2023-12-20 06:00:00;;;;;55;31;1;N;0
5005616;2023-12-20 09:00:00;;;;;65;30;1;NW;20
5005616;2023-12-20 12:00:00;24;31;55;85;75;29;1;N;0
5005616;2023-12-20 15:00:00;;;;;75;26;1;SW;10
5005616;2023-12-20 18:00:00;;;;;75;26;1;S;10
5005616;2023-12-20 21:00:00;;;;;85;24;1;SW;10
5005616;2023-12-21 00:00:00;;;;;90;25;1;SW;10
5005616;2023-12-21 03:00:00;;;;;70;30;1;NW;10
5005616;2023-12-21 06:00:00;;;;;65;30;1;NW;20
5005616;2023-12-21 09:00:00;;;;;60;30;1;NW;20
5005616;2023-12-21 12:00:00;25;30;55;90;55;30;0;NW;20
5005616;2023-12-21 15:00:00;;;;;60;27;1;SW;20
5005616;2023-12-21 18:00:00;;;;;70;25;1;SW;10
5005616;2023-12-21 21:00:00;;;;;75;25;1;SW;10
5005616;2023-12-22 00:00:00;;;;;85;26;1;SW;10
5005616;2023-12-22 03:00:00;;;;;70;30;1;NW;10
5005616;2023-12-22 06:00:00;;;;;70;30;3;NW;20
5005616;2023-12-22 09:00:00;;;;;65;30;3;NW;20
5005616;2023-12-22 12:00:00;26;30;65;85;65;29;3;NW;0
5005616;2023-12-22 15:00:00;;;;;65;28;3;S;0
5005616;2023-12-22 18:00:00;;;;;80;27;3;S;0
5005616;2023-12-22 21:00:00;;;;;80;26;3;S;10
5005616;2023-12-23 00:00:00;;;;;85;27;1;SE;0
5005616;2023-12-23 06:00:00;;;;;75;30;0;N;20
5005616;2023-12-23 12:00:00;25;30;75;90;80;28;60;NE;0
5005616;2023-12-23 18:00:00;;;;;90;25;1;SE;10
5005616;2023-12-24 00:00:00;;;;;90;26;1;SE;0
5005616;2023-12-24 06:00:00;;;;;80;29;0;N;0
5005616;2023-12-24 12:00:00;25;29;80;90;85;27;60;N;0
5005616;2023-12-24 18:00:00;;;;;90;25;1;SE;0
5005616;2023-12-25 00:00:00;;;;;95;26;1;SE;0
5005616;2023-12-25 06:00:00;;;;;80;29;1;NW;10
5005616;2023-12-25 12:00:00;25;29;80;95;90;26;60;E;10
5005616;2023-12-25 18:00:00;;;;;95;25;1;SE;10
5005616;2023-12-26 00:00:00;;;;;95;26;1;S;10
5005616;2023-12-26 06:00:00;;;;;75;29;1;N;0
5005616;2023-12-26 12:00:00;26;29;75;95;75;29;0;NW;10
5005616;2023-12-26 18:00:00;;;;;90;26;3;E;0
5005620;2023-12-20 00:00:00;;;;;85;25;1;SW;10
5005620;2023-12-20 03:00:00;;;;;55;31;1;NW;10
5005620;2023-12-20 06:00:00;;;;;50;31;1;N;0
5005620;2023-12-20 09:00:00;;;;;65;30;1;NW;20
5005620;2023-12-20 12:00:00;23;31;50;95;70;28;1;W;10
5005620;2023-12-20 15:00:00;;;;;80;25;1;W;10
5005620;2023-12-20 18:00:00;;;;;80;25;1;SW;10
5005620;2023-12-20 21:00:00;;;;;95;23;1;SW;10
5005620;2023-12-21 00:00:00;;;;;90;25;1;SW;10
5005620;2023-12-21 03:00:00;;;;;65;30;1;NW;0
5005620;2023-12-21 06:00:00;;;;;55;31;1;NW;20
5005620;2023-12-21 09:00:00;;;;;55;31;1;NW;20
5005620;2023-12-21 12:00:00;24;31;55;90;55;30;0;W;10
5005620;2023-12-21 15:00:00;;;;;65;27;1;SW;20
5005620;2023-12-21 18:00:00;;;;;75;25;1;SW;10
5005620;2023-12-21 21:00:00;;;;;75;24;1;SW;10
5005620;2023-12-22 00:00:00;;;;;85;25;1;SW;10
5005620;2023-12-22 03:00:00;;;;;65;31;1;N;0
5005620;2023-12-22 06:00:00;;;;;65;31;3;N;0
5005620;2023-12-22 09:00:00;;;;;55;30;3;NW;20
5005620;2023-12-22 12:00:00;25;31;55;85;70;29;3;NW;10
5005620;2023-12-22 15:00:00;;;;;65;27;3;SW;10
5005620;2023-12-22 18:00:00;;;;;75;27;3;SW;10
5005620;2023-12-22 21:00:00;;;;;80;26;3;SW;10
5005620;2023-12-23 00:00:00;;;;;75;27;1;SW;0
5005620;2023-12-23 06:00:00;;;;;75;30;1;N;20
5005620;2023-12-23 12:00:00;25;30;75;90;80;28;1;N;0
5005620;2023-12-23 18:00:00;;;;;90;25;1;SE;0
5005620;2023-12-24 00:00:00;;;;;90;26;1;S;0
5005620;2023-12-24 06:00:00;;;;;80;30;60;N;0
5005620;2023-12-24 12:00:00;25;30;80;95;85;27;1;SW;0
5005620;2023-12-24 18:00:00;;;;;95;25;1;SE;0
5005620;2023-12-25 00:00:00;;;;;95;26;1;SE;0
5005620;2023-12-25 06:00:00;;;;;75;29;1;N;0
5005620;2023-12-25 12:00:00;25;29;75;95;85;27;60;E;10
5005620;2023-12-25 18:00:00;;;;;95;25;60;SE;10
5005620;2023-12-26 00:00:00;;;;;95;25;1;S;10
5005620;2023-12-26 06:00:00;;;;;70;30;1;N;0
5005620;2023-12-26 12:00:00;25;30;70;95;80;28;1;NE;0
5005620;2023-12-26 18:00:00;;;;;90;26;60;E;10
5005589;2023-12-20 00:00:00;;;;;75;25;1;SW;0
5005589;2023-12-20 03:00:00;;;;;45;32;1;SW;0
5005589;2023-12-20 06:00:00;;;;;35;34;1;NW;0
5005589;2023-12-20 09:00:00;;;;;45;32;1;N;0
5005589;2023-12-20 12:00:00;22;34;35;85;75;27;1;NE;10
5005589;2023-12-20 15:00:00;;;;;70;26;1;E;10
5005589;2023-12-20 18:00:00;;;;;75;24;1;SE;10
5005589;2023-12-20 21:00:00;;;;;85;22;1;SW;10
5005589;2023-12-21 00:00:00;;;;;80;25;1;W;10
5005589;2023-12-21 03:00:00;;;;;60;31;1;NW;0
5005589;2023-12-21 06:00:00;;;;;40;34;1;NW;10
5005589;2023-12-21 09:00:00;;;;;45;33;1;N;0
5005589;2023-12-21 12:00:00;23;34;40;80;55;28;1;N;0
5005589;2023-12-21 15:00:00;;;;;65;26;1;SE;10
5005589;2023-12-21 18:00:00;;;;;75;24;1;S;0
5005589;2023-12-21 21:00:00;;;;;80;23;1;SW;10
5005589;2023-12-22 00:00:00;;;;;75;26;0;SW;0
5005589;2023-12-22 03:00:00;;;;;55;32;1;W;0
5005589;2023-12-22 06:00:00;;;;;40;35;3;NW;10
5005589;2023-12-22 09:00:00;;;;;55;32;3;N;0
5005589;2023-12-22 12:00:00;25;35;40;80;55;29;3;E;10
5005589;2023-12-22 15:00:00;;;;;75;27;60;E;10
5005589;2023-12-22 18:00:00;;;;;80;26;3;S;0
5005589;2023-12-22 21:00:00;;;;;80;25;3;SW;0
5005589;2023-12-23 00:00:00;;;;;80;27;0;NE;0
5005589;2023-12-23 06:00:00;;;;;55;34;1;NW;10
5005589;2023-12-23 12:00:00;24;34;55;95;85;27;60;NE;10
5005589;2023-12-23 18:00:00;;;;;95;24;1;SE;0
5005589;2023-12-24 00:00:00;;;;;90;26;0;N;0
5005589;2023-12-24 06:00:00;;;;;60;33;1;N;0
5005589;2023-12-24 12:00:00;24;33;60;95;90;26;60;NE;0
5005589;2023-12-24 18:00:00;;;;;95;24;60;E;0
5005589;2023-12-25 00:00:00;;;;;95;25;1;SE;0
5005589;2023-12-25 06:00:00;;;;;55;32;60;NW;10
5005589;2023-12-25 12:00:00;24;32;55;95;90;26;60;N;0
5005589;2023-12-25 18:00:00;;;;;95;24;60;E;0
5005589;2023-12-26 00:00:00;;;;;95;25;1;S;0
5005589;2023-12-26 06:00:00;;;;;60;32;60;N;0
5005589;2023-12-26 12:00:00;24;32;60;95;90;26;1;E;0
5005589;2023-12-26 18:00:00;;;;;95;24;1;NE;0
501192;2023-12-20 00:00:00;;;;;80;26;1;SW;0
501192;2023-12-20 03:00:00;;;;;50;32;1;W;0
501192;2023-12-20 06:00:00;;;;;40;35;1;NW;10
501192;2023-12-20 09:00:00;;;;;55;32;1;N;0
501192;2023-12-20 12:00:00;23;35;40;95;70;28;1;N;0
501192;2023-12-20 15:00:00;;;;;75;26;1;SE;10
501192;2023-12-20 18:00:00;;;;;75;25;1;SW;10
501192;2023-12-20 21:00:00;;;;;95;23;1;SW;10
501192;2023-12-21 00:00:00;;;;;90;25;1;SW;10
501192;2023-12-21 03:00:00;;;;;60;31;1;SW;0
501192;2023-12-21 06:00:00;;;;;45;34;1;NW;10
501192;2023-12-21 09:00:00;;;;;45;33;1;NW;10
501192;2023-12-21 12:00:00;23;34;45;90;55;29;0;W;10
501192;2023-12-21 15:00:00;;;;;65;26;1;SW;10
501192;2023-12-21 18:00:00;;;;;75;24;1;SW;0
501192;2023-12-21 21:00:00;;;;;80;23;1;SW;0
501192;2023-12-22 00:00:00;;;;;85;26;1;W;0
501192;2023-12-22 03:00:00;;;;;60;32;1;N;0
501192;2023-12-22 06:00:00;;;;;50;35;3;NW;10
501192;2023-12-22 09:00:00;;;;;55;32;3;NW;20
501192;2023-12-22 12:00:00;26;35;50;85;60;29;3;E;10
501192;2023-12-22 15:00:00;;;;;70;28;3;SE;10
501192;2023-12-22 18:00:00;;;;;75;27;3;SW;10
501192;2023-12-22 21:00:00;;;;;80;26;3;SW;0
501192;2023-12-23 00:00:00;;;;;80;27;1;W;0
501192;2023-12-23 06:00:00;;;;;65;31;1;N;10
501192;2023-12-23 12:00:00;25;31;65;90;80;28;60;NE;10
501192;2023-12-23 18:00:00;;;;;90;25;1;SE;0
501192;2023-12-24 00:00:00;;;;;90;26;1;S;0
501192;2023-12-24 06:00:00;;;;;75;30;1;N;0
501192;2023-12-24 12:00:00;24;30;75;95;90;26;1;N;0
501192;2023-12-24 18:00:00;;;;;95;24;60;E;0
501192;2023-12-25 00:00:00;;;;;95;25;1;SE;0
501192;2023-12-25 06:00:00;;;;;70;30;1;NW;10
501192;2023-12-25 12:00:00;24;30;70;95;90;25;60;SE;10
501192;2023-12-25 18:00:00;;;;;95;24;60;SE;0
501192;2023-12-26 00:00:00;;;;;95;25;1;S;0
501192;2023-12-26 06:00:00;;;;;60;32;1;N;0
501192;2023-12-26 12:00:00;25;32;60;95;75;28;0;NW;10
501192;2023-12-26 18:00:00;;;;;90;26;60;E;0
501195;2023-12-20 00:00:00;;;;;80;25;1;SW;10
501195;2023-12-20 03:00:00;;;;;65;30;1;NW;10
501195;2023-12-20 06:00:00;;;;;55;31;1;N;0
501195;2023-12-20 09:00:00;;;;;65;30;1;NW;20
501195;2023-12-20 12:00:00;24;31;55;85;75;29;1;N;0
501195;2023-12-20 15:00:00;;;;;75;26;1;SW;10
501195;2023-12-20 18:00:00;;;;;75;26;1;S;10
501195;2023-12-20 21:00:00;;;;;85;24;1;SW;10
501195;2023-12-21 00:00:00;;;;;90;25;1;SW;10
501195;2023-12-21 03:00:00;;;;;70;30;1;NW;10
501195;2023-12-21 06:00:00;;;;;65;30;1;NW;20
501195;2023-12-21 09:00:00;;;;;60;30;1;NW;20
501195;2023-12-21 12:00:00;25;30;55;90;55;30;0;NW;20
501195;2023-12-21 15:00:00;;;;;60;27;1;SW;20
501195;2023-12-21 18:00:00;;;;;70;25;1;SW;10
501195;2023-12-21 21:00:00;;;;;75;25;1;SW;10
501195;2023-12-22 00:00:00;;;;;85;26;1;SW;10
501195;2023-12-22 03:00:00;;;;;70;30;1;NW;10
501195;2023-12-22 06:00:00;;;;;70;30;3;NW;20
501195;2023-12-22 09:00:00;;;;;65;30;3;NW;20
501195;2023-12-22 12:00:00;26;30;65;85;65;29;3;NW;0
501195;2023-12-22 15:00:00;;;;;65;28;3;S;0
501195;2023-12-22 18:00:00;;;;;80;27;3;S;0
501195;2023-12-22 21:00:00;;;;;80;26;3;S;10
501195;2023-12-23 00:00:00;;;;;85;27;1;SE;0
501195;2023-12-23 06:00:00;;;;;75;30;0;N;20
501195;2023-12-23 12:00:00;25;30;75;90;80;28;60;NE;0
501195;2023-12-23 18:00:00;;;;;90;25;1;SE;10
501195;2023-12-24 00:00:00;;;;;90;26;1;SE;0
501195;2023-12-24 06:00:00;;;;;80;29;0;N;0
501195;2023-12-24 12:00:00;25;29;80;90;85;27;60;N;0
501195;2023-12-24 18:00:00;;;;;90;25;1;SE;0
501195;2023-12-25 00:00:00;;;;;95;26;1;SE;0
501195;2023-12-25 06:00:00;;;;;80;29;1;NW;10
501195;2023-12-25 12:00:00;25;29;80;95;90;26;60;E;10
501195;2023-12-25 18:00:00;;;;;95;25;1;SE;10
501195;2023-12-26 00:00:00;;;;;95;26;1;S;10
501195;2023-12-26 06:00:00;;;;;75;29;1;N;0
501195;2023-12-26 12:00:00;26;29;75;95;75;29;0;NW;10
501195;2023-12-26 18:00:00;;;;;90;26;3;E;0
501193;2023-12-20 00:00:00;;;;;75;25;1;SW;10
501193;2023-12-20 03:00:00;;;;;50;32;1;W;10
501193;2023-12-20 06:00:00;;;;;45;34;1;NW;10
501193;2023-12-20 09:00:00;;;;;55;31;1;N;0
501193;2023-12-20 12:00:00;23;34;45;85;75;27;1;NE;10
501193;2023-12-20 15:00:00;;;;;75;26;1;E;10
501193;2023-12-20 18:00:00;;;;;75;25;1;S;10
501193;2023-12-20 21:00:00;;;;;85;23;1;SW;10
501193;2023-12-21 00:00:00;;;;;90;25;1;SW;10
501193;2023-12-21 03:00:00;;;;;60;31;1;W;0
501193;2023-12-21 06:00:00;;;;;50;34;1;NW;10
501193;2023-12-21 09:00:00;;;;;55;32;1;NW;20
501193;2023-12-21 12:00:00;23;34;50;90;55;29;1;NW;10
501193;2023-12-21 15:00:00;;;;;65;26;1;S;10
501193;2023-12-21 18:00:00;;;;;75;24;1;SW;0
501193;2023-12-21 21:00:00;;;;;75;23;1;SW;10
501193;2023-12-22 00:00:00;;;;;80;26;1;W;0
501193;2023-12-22 03:00:00;;;;;65;32;1;N;0
501193;2023-12-22 06:00:00;;;;;50;34;3;N;0
501193;2023-12-22 09:00:00;;;;;60;32;3;NW;10
501193;2023-12-22 12:00:00;25;34;50;80;60;28;3;E;10
501193;2023-12-22 15:00:00;;;;;70;28;60;SE;10
501193;2023-12-22 18:00:00;;;;;80;26;3;SW;0
501193;2023-12-22 21:00:00;;;;;80;25;3;SW;0
501193;2023-12-23 00:00:00;;;;;85;27;1;N;0
501193;2023-12-23 06:00:00;;;;;70;31;0;N;0
501193;2023-12-23 12:00:00;25;31;70;90;80;27;60;N;0
501193;2023-12-23 18:00:00;;;;;90;25;1;E;0
501193;2023-12-24 00:00:00;;;;;90;26;0;SE;0
501193;2023-12-24 06:00:00;;;;;70;31;1;N;0
501193;2023-12-24 12:00:00;24;31;70;95;90;26;1;NE;0
501193;2023-12-24 18:00:00;;;;;95;24;60;N;0
501193;2023-12-25 00:00:00;;;;;95;25;1;SE;0
501193;2023-12-25 06:00:00;;;;;70;31;1;N;0
501193;2023-12-25 12:00:00;24;31;70;95;90;25;60;E;0
501193;2023-12-25 18:00:00;;;;;95;24;60;N;0
501193;2023-12-26 00:00:00;;;;;95;25;1;S;0
501193;2023-12-26 06:00:00;;;;;65;31;60;N;0
501193;2023-12-26 12:00:00;25;31;65;95;75;28;0;N;0
501193;2023-12-26 18:00:00;;;;;90;26;3;E;0
501191;2023-12-20 00:00:00;;;;;75;25;1;SW;10
501191;2023-12-20 03:00:00;;;;;50;32;1;W;10
501191;2023-12-20 06:00:00;;;;;45;34;1;NW;10
501191;2023-12-20 09:00:00;;;;;55;31;1;N;0
501191;2023-12-20 12:00:00;23;34;45;85;75;27;1;NE;10
501191;2023-12-20 15:00:00;;;;;75;26;1;E;10
501191;2023-12-20 18:00:00;;;;;75;25;1;S;10
501191;2023-12-20 21:00:00;;;;;85;23;1;SW;10
501191;2023-12-21 00:00:00;;;;;90;25;1;SW;10
501191;2023-12-21 03:00:00;;;;;60;31;1;W;0
501191;2023-12-21 06:00:00;;;;;50;34;1;NW;10
501191;2023-12-21 09:00:00;;;;;55;32;1;NW;20
501191;2023-12-21 12:00:00;23;34;50;90;55;29;1;NW;10
501191;2023-12-21 15:00:00;;;;;65;26;1;S;10
501191;2023-12-21 18:00:00;;;;;75;24;1;SW;0
501191;2023-12-21 21:00:00;;;;;75;23;1;SW;10
501191;2023-12-22 00:00:00;;;;;80;26;1;W;0
501191;2023-12-22 03:00:00;;;;;65;32;1;N;0
501191;2023-12-22 06:00:00;;;;;50;34;3;N;0
501191;2023-12-22 09:00:00;;;;;60;32;3;NW;10
501191;2023-12-22 12:00:00;25;34;50;80;60;28;3;E;10
501191;2023-12-22 15:00:00;;;;;70;28;60;SE;10
501191;2023-12-22 18:00:00;;;;;80;26;3;SW;0
501191;2023-12-22 21:00:00;;;;;80;25;3;SW;0
501191;2023-12-23 00:00:00;;;;;85;27;1;N;0
501191;2023-12-23 06:00:00;;;;;70;31;0;N;0
501191;2023-12-23 12:00:00;25;31;70;90;80;27;60;N;0
501191;2023-12-23 18:00:00;;;;;90;25;1;E;0
501191;2023-12-24 00:00:00;;;;;90;26;0;SE;0
501191;2023-12-24 06:00:00;;;;;70;31;1;N;0
501191;2023-12-24 12:00:00;24;31;70;95;90;26;1;NE;0
501191;2023-12-24 18:00:00;;;;;95;24;60;N;0
501191;2023-12-25 00:00:00;;;;;95;25;1;SE;0
501191;2023-12-25 06:00:00;;;;;70;31;1;N;0
501191;2023-12-25 12:00:00;24;31;70;95;90;25;60;E;0
501191;2023-12-25 18:00:00;;;;;95;24;60;N;0
501191;2023-12-26 00:00:00;;;;;95;25;1;S;0
501191;2023-12-26 06:00:00;;;;;65;31;60;N;0
501191;2023-12-26 12:00:00;25;31;65;95;75;28;0;N;0
501191;2023-12-26 18:00:00;;;;;90;26;3;E;0
501196;2023-12-20 00:00:00;;;;;80;25;1;SW;10
501196;2023-12-20 03:00:00;;;;;65;30;1;NW;10
501196;2023-12-20 06:00:00;;;;;55;31;1;N;0
501196;2023-12-20 09:00:00;;;;;65;30;1;NW;20
501196;2023-12-20 12:00:00;24;31;55;85;75;29;1;N;0
501196;2023-12-20 15:00:00;;;;;75;26;1;SW;10
501196;2023-12-20 18:00:00;;;;;75;26;1;S;10
501196;2023-12-20 21:00:00;;;;;85;24;1;SW;10
501196;2023-12-21 00:00:00;;;;;90;25;1;SW;10
501196;2023-12-21 03:00:00;;;;;70;30;1;NW;10
501196;2023-12-21 06:00:00;;;;;65;30;1;NW;20
501196;2023-12-21 09:00:00;;;;;60;30;1;NW;20
501196;2023-12-21 12:00:00;25;30;55;90;55;30;0;NW;20
501196;2023-12-21 15:00:00;;;;;60;27;1;SW;20
501196;2023-12-21 18:00:00;;;;;70;25;1;SW;10
501196;2023-12-21 21:00:00;;;;;75;25;1;SW;10
501196;2023-12-22 00:00:00;;;;;85;26;1;SW;10
501196;2023-12-22 03:00:00;;;;;70;30;1;NW;10
501196;2023-12-22 06:00:00;;;;;70;30;3;NW;20
501196;2023-12-22 09:00:00;;;;;65;30;3;NW;20
501196;2023-12-22 12:00:00;26;30;65;85;65;29;3;NW;0
501196;2023-12-22 15:00:00;;;;;65;28;3;S;0
501196;2023-12-22 18:00:00;;;;;80;27;3;S;0
501196;2023-12-22 21:00:00;;;;;80;26;3;S;10
501196;2023-12-23 00:00:00;;;;;85;27;1;SE;0
501196;2023-12-23 06:00:00;;;;;75;30;0;N;20
501196;2023-12-23 12:00:00;25;30;75;90;80;28;60;NE;0
501196;2023-12-23 18:00:00;;;;;90;25;1;SE;10
501196;2023-12-24 00:00:00;;;;;90;26;1;SE;0
501196;2023-12-24 06:00:00;;;;;80;29;0;N;0
501196;2023-12-24 12:00:00;25;29;80;90;85;27;60;N;0
501196;2023-12-24 18:00:00;;;;;90;25;1;SE;0
501196;2023-12-25 00:00:00;;;;;95;26;1;SE;0
501196;2023-12-25 06:00:00;;;;;80;29;1;NW;10
501196;2023-12-25 12:00:00;25;29;80;95;90;26;60;E;10
501196;2023-12-25 18:00:00;;;;;95;25;1;SE;10
501196;2023-12-26 00:00:00;;;;;95;26;1;S;10
501196;2023-12-26 06:00:00;;;;;75;29;1;N;0
501196;2023-12-26 12:00:00;26;29;75;95;75;29;0;NW;10
501196;2023-12-26 18:00:00;;;;;90;26;3;E;0
5005604;2023-12-20 00:00:00;;;;;75;25;1;SW;10
5005604;2023-12-20 03:00:00;;;;;50;32;1;W;10
5005604;2023-12-20 06:00:00;;;;;45;34;1;NW;10
5005604;2023-12-20 09:00:00;;;;;55;31;1;N;0
5005604;2023-12-20 12:00:00;23;34;45;85;75;27;1;NE;10
5005604;2023-12-20 15:00:00;;;;;75;26;1;E;10
5005604;2023-12-20 18:00:00;;;;;75;25;1;S;10
5005604;2023-12-20 21:00:00;;;;;85;23;1;SW;10
5005604;2023-12-21 00:00:00;;;;;90;25;1;SW;10
5005604;2023-12-21 03:00:00;;;;;60;31;1;W;0
5005604;2023-12-21 06:00:00;;;;;50;34;1;NW;10
5005604;2023-12-21 09:00:00;;;;;55;32;1;NW;20
5005604;2023-12-21 12:00:00;23;34;50;90;55;29;1;NW;10
5005604;2023-12-21 15:00:00;;;;;65;26;1;S;10
5005604;2023-12-21 18:00:00;;;;;75;24;1;SW;0
5005604;2023-12-21 21:00:00;;;;;75;23;1;SW;10
5005604;2023-12-22 00:00:00;;;;;80;26;1;W;0
5005604;2023-12-22 03:00:00;;;;;65;32;1;N;0
5005604;2023-12-22 06:00:00;;;;;50;34;3;N;0
5005604;2023-12-22 09:00:00;;;;;60;32;3;NW;10
5005604;2023-12-22 12:00:00;25;34;50;80;60;28;3;E;10
5005604;2023-12-22 15:00:00;;;;;70;28;60;SE;10
5005604;2023-12-22 18:00:00;;;;;80;26;3;SW;0
5005604;2023-12-22 21:00:00;;;;;80;25;3;SW;0
5005604;2023-12-23 00:00:00;;;;;85;27;1;N;0
5005604;2023-12-23 06:00:00;;;;;70;31;0;N;0
5005604;2023-12-23 12:00:00;25;31;70;90;80;27;60;N;0
5005604;2023-12-23 18:00:00;;;;;90;25;1;E;0
5005604;2023-12-24 00:00:00;;;;;90;26;0;SE;0
5005604;2023-12-24 06:00:00;;;;;70;31;1;N;0
5005604;2023-12-24 12:00:00;24;31;70;95;90;26;1;NE;0
5005604;2023-12-24 18:00:00;;;;;95;24;60;N;0
5005604;2023-12-25 00:00:00;;;;;95;25;1;SE;0
5005604;2023-12-25 06:00:00;;;;;70;31;1;N;0
5005604;2023-12-25 12:00:00;24;31;70;95;90;25;60;E;0
5005604;2023-12-25 18:00:00;;;;;95;24;60;N;0
5005604;2023-12-26 00:00:00;;;;;95;25;1;S;0
5005604;2023-12-26 06:00:00;;;;;65;31;60;N;0
5005604;2023-12-26 12:00:00;25;31;65;95;75;28;0;N;0
5005604;2023-12-26 18:00:00;;;;;90;26;3;E;0
5005612;2023-12-20 00:00:00;;;;;80;25;1;SW;10
5005612;2023-12-20 03:00:00;;;;;65;30;1;NW;10
5005612;2023-12-20 06:00:00;;;;;55;31;1;N;0
5005612;2023-12-20 09:00:00;;;;;65;30;1;NW;20
5005612;2023-12-20 12:00:00;24;31;55;85;75;29;1;N;0
5005612;2023-12-20 15:00:00;;;;;75;26;1;SW;10
5005612;2023-12-20 18:00:00;;;;;75;26;1;S;10
5005612;2023-12-20 21:00:00;;;;;85;24;1;SW;10
5005612;2023-12-21 00:00:00;;;;;90;25;1;SW;10
5005612;2023-12-21 03:00:00;;;;;70;30;1;NW;10
5005612;2023-12-21 06:00:00;;;;;65;30;1;NW;20
5005612;2023-12-21 09:00:00;;;;;60;30;1;NW;20
5005612;2023-12-21 12:00:00;25;30;55;90;55;30;0;NW;20
5005612;2023-12-21 15:00:00;;;;;60;27;1;SW;20
5005612;2023-12-21 18:00:00;;;;;70;25;1;SW;10
5005612;2023-12-21 21:00:00;;;;;75;25;1;SW;10
5005612;2023-12-22 00:00:00;;;;;85;26;1;SW;10
5005612;2023-12-22 03:00:00;;;;;70;30;1;NW;10
5005612;2023-12-22 06:00:00;;;;;70;30;1;NW;20
5005612;2023-12-22 09:00:00;;;;;65;30;3;NW;20
5005612;2023-12-22 12:00:00;26;30;65;85;65;29;3;NW;0
5005612;2023-12-22 15:00:00;;;;;65;28;3;S;0
5005612;2023-12-22 18:00:00;;;;;80;27;3;S;0
5005612;2023-12-22 21:00:00;;;;;80;26;3;S;10
5005612;2023-12-23 00:00:00;;;;;85;27;1;SE;0
5005612;2023-12-23 06:00:00;;;;;75;30;0;N;20
5005612;2023-12-23 12:00:00;25;30;75;90;80;28;60;NE;0
5005612;2023-12-23 18:00:00;;;;;90;25;1;SE;10
5005612;2023-12-24 00:00:00;;;;;90;26;1;SE;0
5005612;2023-12-24 06:00:00;;;;;80;29;0;N;0
5005612;2023-12-24 12:00:00;25;29;80;90;85;27;1;N;0
5005612;2023-12-24 18:00:00;;;;;90;25;1;SE;0
5005612;2023-12-25 00:00:00;;;;;95;26;1;SE;0
5005612;2023-12-25 06:00:00;;;;;80;29;1;NW;10
5005612;2023-12-25 12:00:00;25;29;80;95;90;26;60;E;10
5005612;2023-12-25 18:00:00;;;;;95;25;1;SE;10
5005612;2023-12-26 00:00:00;;;;;95;26;1;S;10
5005612;2023-12-26 06:00:00;;;;;75;29;1;N;0
5005612;2023-12-26 12:00:00;26;29;75;95;80;28;1;E;0
5005612;2023-12-26 18:00:00;;;;;90;26;1;NE;0
5005624;2023-12-20 00:00:00;;;;;85;25;1;SW;10
5005624;2023-12-20 03:00:00;;;;;55;31;1;NW;10
5005624;2023-12-20 06:00:00;;;;;50;31;1;N;0
5005624;2023-12-20 09:00:00;;;;;65;30;1;NW;20
5005624;2023-12-20 12:00:00;23;31;50;95;70;28;1;W;10
5005624;2023-12-20 15:00:00;;;;;80;25;1;W;10
5005624;2023-12-20 18:00:00;;;;;80;25;1;SW;10
5005624;2023-12-20 21:00:00;;;;;95;23;1;SW;10
5005624;2023-12-21 00:00:00;;;;;90;25;1;SW;10
5005624;2023-12-21 03:00:00;;;;;65;30;1;NW;0
5005624;2023-12-21 06:00:00;;;;;55;31;1;NW;20
5005624;2023-12-21 09:00:00;;;;;55;31;1;NW;20
5005624;2023-12-21 12:00:00;24;31;55;90;55;30;0;W;10
5005624;2023-12-21 15:00:00;;;;;65;27;1;SW;20
5005624;2023-12-21 18:00:00;;;;;75;25;1;SW;10
5005624;2023-12-21 21:00:00;;;;;75;24;1;SW;10
5005624;2023-12-22 00:00:00;;;;;85;25;1;SW;10
5005624;2023-12-22 03:00:00;;;;;65;31;1;N;0
5005624;2023-12-22 06:00:00;;;;;65;31;3;N;0
5005624;2023-12-22 09:00:00;;;;;55;30;3;NW;20
5005624;2023-12-22 12:00:00;25;31;55;85;70;29;3;NW;10
5005624;2023-12-22 15:00:00;;;;;65;27;3;SW;10
5005624;2023-12-22 18:00:00;;;;;75;27;3;SW;10
5005624;2023-12-22 21:00:00;;;;;80;26;3;SW;10
5005624;2023-12-23 00:00:00;;;;;75;27;1;SW;0
5005624;2023-12-23 06:00:00;;;;;75;30;1;N;20
5005624;2023-12-23 12:00:00;25;30;75;90;80;28;1;N;0
5005624;2023-12-23 18:00:00;;;;;90;25;1;SE;0
5005624;2023-12-24 00:00:00;;;;;90;26;1;S;0
5005624;2023-12-24 06:00:00;;;;;80;30;60;N;0
5005624;2023-12-24 12:00:00;25;30;80;95;85;27;1;SW;0
5005624;2023-12-24 18:00:00;;;;;95;25;1;SE;0
5005624;2023-12-25 00:00:00;;;;;95;26;1;SE;0
5005624;2023-12-25 06:00:00;;;;;75;29;1;N;0
5005624;2023-12-25 12:00:00;25;29;75;95;85;27;60;E;10
5005624;2023-12-25 18:00:00;;;;;95;25;60;SE;10
5005624;2023-12-26 00:00:00;;;;;95;25;1;S;10
5005624;2023-12-26 06:00:00;;;;;70;30;1;N;0
5005624;2023-12-26 12:00:00;25;30;70;95;80;28;1;NE;0
5005624;2023-12-26 18:00:00;;;;;90;26;60;E;10
5005594;2023-12-20 00:00:00;;;;;75;25;1;SW;10
5005594;2023-12-20 03:00:00;;;;;50;32;1;W;10
5005594;2023-12-20 06:00:00;;;;;45;34;1;NW;10
5005594;2023-12-20 09:00:00;;;;;55;31;1;N;0
5005594;2023-12-20 12:00:00;23;34;45;85;75;27;1;NE;10
5005594;2023-12-20 15:00:00;;;;;75;26;1;E;10
5005594;2023-12-20 18:00:00;;;;;75;25;1;S;10
5005594;2023-12-20 21:00:00;;;;;85;23;1;SW;10
5005594;2023-12-21 00:00:00;;;;;90;25;1;SW;10
5005594;2023-12-21 03:00:00;;;;;60;31;1;W;0
5005594;2023-12-21 06:00:00;;;;;50;34;1;NW;10
5005594;2023-12-21 09:00:00;;;;;55;32;1;NW;20
5005594;2023-12-21 12:00:00;23;34;50;90;55;29;1;NW;10
5005594;2023-12-21 15:00:00;;;;;65;26;1;S;10
5005594;2023-12-21 18:00:00;;;;;75;24;1;SW;0
5005594;2023-12-21 21:00:00;;;;;75;23;1;SW;10
5005594;2023-12-22 00:00:00;;;;;80;26;1;W;0
5005594;2023-12-22 03:00:00;;;;;65;32;1;N;0
5005594;2023-12-22 06:00:00;;;;;50;34;3;N;0
5005594;2023-12-22 09:00:00;;;;;60;32;3;NW;10
5005594;2023-12-22 12:00:00;25;34;50;80;60;28;3;E;10
5005594;2023-12-22 15:00:00;;;;;70;28;3;SE;10
5005594;2023-12-22 18:00:00;;;;;80;26;3;SW;0
5005594;2023-12-22 21:00:00;;;;;80;25;3;SW;0
5005594;2023-12-23 00:00:00;;;;;85;27;1;N;0
5005594;2023-12-23 06:00:00;;;;;70;31;0;N;0
5005594;2023-12-23 12:00:00;25;31;70;90;80;27;60;N;0
5005594;2023-12-23 18:00:00;;;;;90;25;1;E;0
5005594;2023-12-24 00:00:00;;;;;90;26;0;SE;0
5005594;2023-12-24 06:00:00;;;;;70;31;1;N;0
5005594;2023-12-24 12:00:00;24;31;70;95;90;26;1;NE;0
5005594;2023-12-24 18:00:00;;;;;95;24;60;N;0
5005594;2023-12-25 00:00:00;;;;;95;25;1;SE;0
5005594;2023-12-25 06:00:00;;;;;70;31;1;N;0
5005594;2023-12-25 12:00:00;24;31;70;95;90;25;60;E;0
5005594;2023-12-25 18:00:00;;;;;95;24;60;N;0
5005594;2023-12-26 00:00:00;;;;;95;25;1;S;0
5005594;2023-12-26 06:00:00;;;;;65;31;60;N;0
5005594;2023-12-26 12:00:00;25;31;65;95;85;27;1;E;0
5005594;2023-12-26 18:00:00;;;;;90;25;1;E;0
5005593;2023-12-20 00:00:00;;;;;80;26;1;SW;0
5005593;2023-12-20 03:00:00;;;;;50;32;1;W;0
5005593;2023-12-20 06:00:00;;;;;40;35;1;NW;10
5005593;2023-12-20 09:00:00;;;;;55;32;1;N;0
5005593;2023-12-20 12:00:00;23;35;40;95;70;28;1;N;0
5005593;2023-12-20 15:00:00;;;;;75;26;1;SE;10
5005593;2023-12-20 18:00:00;;;;;75;25;1;SW;10
5005593;2023-12-20 21:00:00;;;;;95;23;1;SW;10
5005593;2023-12-21 00:00:00;;;;;90;25;1;SW;10
5005593;2023-12-21 03:00:00;;;;;60;31;1;SW;0
5005593;2023-12-21 06:00:00;;;;;45;34;1;NW;10
5005593;2023-12-21 09:00:00;;;;;45;33;1;NW;10
5005593;2023-12-21 12:00:00;23;34;45;90;55;29;1;W;10
5005593;2023-12-21 15:00:00;;;;;65;26;1;SW;10
5005593;2023-12-21 18:00:00;;;;;75;24;1;SW;0
5005593;2023-12-21 21:00:00;;;;;80;23;1;SW;0
5005593;2023-12-22 00:00:00;;;;;85;26;1;W;0
5005593;2023-12-22 03:00:00;;;;;60;32;1;N;0
5005593;2023-12-22 06:00:00;;;;;50;35;3;NW;10
5005593;2023-12-22 09:00:00;;;;;55;32;3;NW;20
5005593;2023-12-22 12:00:00;26;35;50;85;60;29;3;E;10
5005593;2023-12-22 15:00:00;;;;;70;28;3;SE;10
5005593;2023-12-22 18:00:00;;;;;75;27;3;SW;10
5005593;2023-12-22 21:00:00;;;;;80;26;3;SW;0
5005593;2023-12-23 00:00:00;;;;;80;27;1;W;0
5005593;2023-12-23 06:00:00;;;;;65;31;1;N;10
5005593;2023-12-23 12:00:00;25;31;65;90;80;28;60;NE;10
5005593;2023-12-23 18:00:00;;;;;90;25;1;SE;0
5005593;2023-12-24 00:00:00;;;;;90;26;1;S;0
5005593;2023-12-24 06:00:00;;;;;75;30;1;N;0
5005593;2023-12-24 12:00:00;24;30;75;95;90;26;1;N;0
5005593;2023-12-24 18:00:00;;;;;95;24;60;E;0
5005593;2023-12-25 00:00:00;;;;;95;25;1;SE;0
5005593;2023-12-25 06:00:00;;;;;70;30;1;NW;10
5005593;2023-12-25 12:00:00;24;30;70;95;90;25;60;SE;10
5005593;2023-12-25 18:00:00;;;;;95;24;60;SE;0
5005593;2023-12-26 00:00:00;;;;;95;25;1;S;0
5005593;2023-12-26 06:00:00;;;;;60;32;1;N;0
5005593;2023-12-26 12:00:00;25;32;60;95;80;28;1;E;0
5005593;2023-12-26 18:00:00;;;;;90;25;1;E;0
5005618;2023-12-20 00:00:00;;;;;85;25;1;SW;10
5005618;2023-12-20 03:00:00;;;;;55;31;1;NW;10
5005618;2023-12-20 06:00:00;;;;;50;31;1;N;0
5005618;2023-12-20 09:00:00;;;;;65;30;1;NW;20
5005618;2023-12-20 12:00:00;23;31;50;95;70;28;1;W;10
5005618;2023-12-20 15:00:00;;;;;80;25;1;W;10
5005618;2023-12-20 18:00:00;;;;;80;25;1;SW;10
5005618;2023-12-20 21:00:00;;;;;95;23;1;SW;10
5005618;2023-12-21 00:00:00;;;;;90;25;1;SW;10
5005618;2023-12-21 03:00:00;;;;;65;30;1;NW;0
5005618;2023-12-21 06:00:00;;;;;55;31;1;NW;20
5005618;2023-12-21 09:00:00;;;;;55;31;1;NW;20
5005618;2023-12-21 12:00:00;24;31;55;90;55;30;0;W;10
5005618;2023-12-21 15:00:00;;;;;65;27;1;SW;20
5005618;2023-12-21 18:00:00;;;;;75;25;1;SW;10
5005618;2023-12-21 21:00:00;;;;;75;24;1;SW;10
5005618;2023-12-22 00:00:00;;;;;85;25;1;SW;10
5005618;2023-12-22 03:00:00;;;;;65;31;1;N;0
5005618;2023-12-22 06:00:00;;;;;65;31;3;N;0
5005618;2023-12-22 09:00:00;;;;;55;30;3;NW;20
5005618;2023-12-22 12:00:00;25;31;55;85;70;29;3;NW;10
5005618;2023-12-22 15:00:00;;;;;65;27;3;SW;10
5005618;2023-12-22 18:00:00;;;;;75;27;3;SW;10
5005618;2023-12-22 21:00:00;;;;;80;26;3;SW;10
5005618;2023-12-23 00:00:00;;;;;75;27;1;SW;0
5005618;2023-12-23 06:00:00;;;;;75;30;1;N;20
5005618;2023-12-23 12:00:00;25;30;75;90;80;28;1;N;0
5005618;2023-12-23 18:00:00;;;;;90;25;1;SE;0
5005618;2023-12-24 00:00:00;;;;;90;26;1;S;0
5005618;2023-12-24 06:00:00;;;;;80;30;60;N;0
5005618;2023-12-24 12:00:00;25;30;80;95;85;27;1;SW;0
5005618;2023-12-24 18:00:00;;;;;95;25;1;SE;0
5005618;2023-12-25 00:00:00;;;;;95;26;1;SE;0
5005618;2023-12-25 06:00:00;;;;;75;29;1;N;0
5005618;2023-12-25 12:00:00;25;29;75;95;85;27;60;E;10
5005618;2023-12-25 18:00:00;;;;;95;25;60;SE;10
5005618;2023-12-26 00:00:00;;;;;95;25;1;S;10
5005618;2023-12-26 06:00:00;;;;;70;30;1;N;0
5005618;2023-12-26 12:00:00;25;30;70;95;80;28;1;NE;0
5005618;2023-12-26 18:00:00;;;;;90;26;60;E;10
5005629;2023-12-20 00:00:00;;;;;75;25;1;SW;10
5005629;2023-12-20 03:00:00;;;;;50;32;1;W;10
5005629;2023-12-20 06:00:00;;;;;45;34;1;NW;10
5005629;2023-12-20 09:00:00;;;;;55;31;1;N;0
5005629;2023-12-20 12:00:00;23;34;45;85;75;27;1;NE;10
5005629;2023-12-20 15:00:00;;;;;75;26;1;E;10
5005629;2023-12-20 18:00:00;;;;;75;25;1;S;10
5005629;2023-12-20 21:00:00;;;;;85;23;1;SW;10
5005629;2023-12-21 00:00:00;;;;;90;25;1;SW;10
5005629;2023-12-21 03:00:00;;;;;60;31;1;W;0
5005629;2023-12-21 06:00:00;;;;;50;34;1;NW;10
5005629;2023-12-21 09:00:00;;;;;55;32;1;NW;20
5005629;2023-12-21 12:00:00;23;34;50;90;55;29;0;NW;10
5005629;2023-12-21 15:00:00;;;;;65;26;1;S;10
5005629;2023-12-21 18:00:00;;;;;75;24;1;SW;0
5005629;2023-12-21 21:00:00;;;;;75;23;1;SW;10
5005629;2023-12-22 00:00:00;;;;;80;26;1;W;0
5005629;2023-12-22 03:00:00;;;;;65;32;1;N;0
5005629;2023-12-22 06:00:00;;;;;50;34;3;N;0
5005629;2023-12-22 09:00:00;;;;;60;32;3;NW;10
5005629;2023-12-22 12:00:00;25;34;50;80;60;28;3;E;10
5005629;2023-12-22 15:00:00;;;;;70;28;60;SE;10
5005629;2023-12-22 18:00:00;;;;;80;26;3;SW;0
5005629;2023-12-22 21:00:00;;;;;80;25;3;SW;0
5005629;2023-12-23 00:00:00;;;;;85;27;1;N;0
5005629;2023-12-23 06:00:00;;;;;70;31;0;N;0
5005629;2023-12-23 12:00:00;25;31;70;90;80;27;60;N;0
5005629;2023-12-23 18:00:00;;;;;90;25;1;E;0
5005629;2023-12-24 00:00:00;;;;;90;26;0;SE;0
5005629;2023-12-24 06:00:00;;;;;70;31;1;N;0
5005629;2023-12-24 12:00:00;24;31;70;95;90;26;1;NE;0
5005629;2023-12-24 18:00:00;;;;;95;24;60;N;0
5005629;2023-12-25 00:00:00;;;;;95;25;1;SE;0
5005629;2023-12-25 06:00:00;;;;;70;31;1;N;0
5005629;2023-12-25 12:00:00;24;31;70;95;90;25;60;E;0
5005629;2023-12-25 18:00:00;;;;;95;24;60;N;0
5005629;2023-12-26 00:00:00;;;;;95;25;1;S;0
5005629;2023-12-26 06:00:00;;;;;65;31;60;N;0
5005629;2023-12-26 12:00:00;25;31;65;95;85;27;1;E;0
5005629;2023-12-26 18:00:00;;;;;90;25;3;E;0
5005614;2023-12-20 00:00:00;;;;;80;25;1;SW;10
5005614;2023-12-20 03:00:00;;;;;65;30;1;NW;10
5005614;2023-12-20 06:00:00;;;;;55;31;1;N;0
5005614;2023-12-20 09:00:00;;;;;65;30;1;NW;20
5005614;2023-12-20 12:00:00;24;31;55;85;75;29;1;N;0
5005614;2023-12-20 15:00:00;;;;;75;26;1;SW;10
5005614;2023-12-20 18:00:00;;;;;75;26;1;S;10
5005614;2023-12-20 21:00:00;;;;;85;24;1;SW;10
5005614;2023-12-21 00:00:00;;;;;90;25;1;SW;10
5005614;2023-12-21 03:00:00;;;;;70;30;1;NW;10
5005614;2023-12-21 06:00:00;;;;;65;30;1;NW;20
5005614;2023-12-21 09:00:00;;;;;60;30;1;NW;20
5005614;2023-12-21 12:00:00;25;30;55;90;55;30;0;NW;20
5005614;2023-12-21 15:00:00;;;;;60;27;1;SW;20
5005614;2023-12-21 18:00:00;;;;;70;25;1;SW;10
5005614;2023-12-21 21:00:00;;;;;75;25;1;SW;10
5005614;2023-12-22 00:00:00;;;;;85;26;1;SW;10
5005614;2023-12-22 03:00:00;;;;;70;30;1;NW;10
5005614;2023-12-22 06:00:00;;;;;70;30;3;NW;20
5005614;2023-12-22 09:00:00;;;;;65;30;3;NW;20
5005614;2023-12-22 12:00:00;26;30;65;85;65;29;3;NW;0
5005614;2023-12-22 15:00:00;;;;;65;28;3;S;0
5005614;2023-12-22 18:00:00;;;;;80;27;3;S;0
5005614;2023-12-22 21:00:00;;;;;80;26;3;S;10
5005614;2023-12-23 00:00:00;;;;;85;27;1;SE;0
5005614;2023-12-23 06:00:00;;;;;75;30;0;N;20
5005614;2023-12-23 12:00:00;25;30;75;90;80;28;60;NE;0
5005614;2023-12-23 18:00:00;;;;;90;25;1;SE;10
5005614;2023-12-24 00:00:00;;;;;90;26;1;SE;0
5005614;2023-12-24 06:00:00;;;;;80;29;0;N;0
5005614;2023-12-24 12:00:00;25;29;80;90;85;27;1;N;0
5005614;2023-12-24 18:00:00;;;;;90;25;1;SE;0
5005614;2023-12-25 00:00:00;;;;;95;26;1;SE;0
5005614;2023-12-25 06:00:00;;;;;80;29;1;NW;10
5005614;2023-12-25 12:00:00;25;29;80;95;90;26;60;E;10
5005614;2023-12-25 18:00:00;;;;;95;25;1;SE;10
5005614;2023-12-26 00:00:00;;;;;95;26;1;S;10
5005614;2023-12-26 06:00:00;;;;;75;29;1;N;0
5005614;2023-12-26 12:00:00;26;29;75;95;80;28;1;E;0
5005614;2023-12-26 18:00:00;;;;;90;26;3;NE;0
5005617;2023-12-20 00:00:00;;;;;80;26;1;SW;0
5005617;2023-12-20 03:00:00;;;;;50;32;1;W;0
5005617;2023-12-20 06:00:00;;;;;40;35;1;NW;10
5005617;2023-12-20 09:00:00;;;;;55;32;1;N;0
5005617;2023-12-20 12:00:00;23;35;40;95;70;28;1;N;0
5005617;2023-12-20 15:00:00;;;;;75;26;1;SE;10
5005617;2023-12-20 18:00:00;;;;;75;25;1;SW;10
5005617;2023-12-20 21:00:00;;;;;95;23;1;SW;10
5005617;2023-12-21 00:00:00;;;;;90;25;1;SW;10
5005617;2023-12-21 03:00:00;;;;;60;31;1;SW;0
5005617;2023-12-21 06:00:00;;;;;45;34;1;NW;10
5005617;2023-12-21 09:00:00;;;;;45;33;1;NW;10
5005617;2023-12-21 12:00:00;23;34;45;90;55;29;0;W;10
5005617;2023-12-21 15:00:00;;;;;65;26;1;SW;10
5005617;2023-12-21 18:00:00;;;;;75;24;1;SW;0
5005617;2023-12-21 21:00:00;;;;;80;23;1;SW;0
5005617;2023-12-22 00:00:00;;;;;85;26;1;W;0
5005617;2023-12-22 03:00:00;;;;;60;32;1;N;0
5005617;2023-12-22 06:00:00;;;;;50;35;3;NW;10
5005617;2023-12-22 09:00:00;;;;;55;32;3;NW;20
5005617;2023-12-22 12:00:00;26;35;50;85;60;29;3;E;10
5005617;2023-12-22 15:00:00;;;;;70;28;3;SE;10
5005617;2023-12-22 18:00:00;;;;;75;27;3;SW;10
5005617;2023-12-22 21:00:00;;;;;80;26;3;SW;0
5005617;2023-12-23 00:00:00;;;;;80;27;1;W;0
5005617;2023-12-23 06:00:00;;;;;65;31;1;N;10
5005617;2023-12-23 12:00:00;25;31;65;90;80;28;60;NE;10
5005617;2023-12-23 18:00:00;;;;;90;25;1;SE;0
5005617;2023-12-24 00:00:00;;;;;90;26;1;S;0
5005617;2023-12-24 06:00:00;;;;;75;30;1;N;0
5005617;2023-12-24 12:00:00;24;30;75;95;90;26;1;N;0
5005617;2023-12-24 18:00:00;;;;;95;24;60;E;0
5005617;2023-12-25 00:00:00;;;;;95;25;1;SE;0
5005617;2023-12-25 06:00:00;;;;;70;30;1;NW;10
5005617;2023-12-25 12:00:00;24;30;70;95;90;25;60;SE;10
5005617;2023-12-25 18:00:00;;;;;95;24;60;SE;0
5005617;2023-12-26 00:00:00;;;;;95;25;1;S;0
5005617;2023-12-26 06:00:00;;;;;60;32;1;N;0
5005617;2023-12-26 12:00:00;25;32;60;95;75;28;0;NW;10
5005617;2023-12-26 18:00:00;;;;;90;26;60;E;0
501194;2023-12-20 00:00:00;;;;;85;26;1;SW;10
501194;2023-12-20 03:00:00;;;;;70;27;1;NW;10
501194;2023-12-20 06:00:00;;;;;60;28;1;N;0
501194;2023-12-20 09:00:00;;;;;70;29;1;NW;20
501194;2023-12-20 12:00:00;26;30;60;85;70;30;1;NW;20
501194;2023-12-20 15:00:00;;;;;75;28;1;SW;20
501194;2023-12-20 18:00:00;;;;;80;27;1;SW;20
501194;2023-12-20 21:00:00;;;;;85;26;1;SW;20
501194;2023-12-21 00:00:00;;;;;90;26;1;SW;20
501194;2023-12-21 03:00:00;;;;;75;28;1;W;10
501194;2023-12-21 06:00:00;;;;;70;28;1;NW;20
501194;2023-12-21 09:00:00;;;;;60;29;1;NW;20
501194;2023-12-21 12:00:00;26;31;55;90;55;31;0;W;30
501194;2023-12-21 15:00:00;;;;;60;29;1;SW;30
501194;2023-12-21 18:00:00;;;;;75;27;1;SW;20
501194;2023-12-21 21:00:00;;;;;80;27;1;S;10
501194;2023-12-22 00:00:00;;;;;85;27;1;SW;10
501194;2023-12-22 03:00:00;;;;;80;27;1;NW;10
501194;2023-12-22 06:00:00;;;;;75;28;1;NW;20
501194;2023-12-22 09:00:00;;;;;65;29;3;NW;20
501194;2023-12-22 12:00:00;27;30;65;85;75;30;3;W;20
501194;2023-12-22 15:00:00;;;;;65;30;3;SW;20
501194;2023-12-22 18:00:00;;;;;75;29;3;S;10
501194;2023-12-22 21:00:00;;;;;80;28;3;S;10
501194;2023-12-23 00:00:00;;;;;85;28;1;SE;10
501194;2023-12-23 06:00:00;;;;;75;29;0;N;20
501194;2023-12-23 12:00:00;27;29;75;90;80;28;95;N;10
501194;2023-12-23 18:00:00;;;;;90;27;1;SE;10
501194;2023-12-24 00:00:00;;;;;90;27;1;SE;10
501194;2023-12-24 06:00:00;;;;;85;28;1;N;0
501194;2023-12-24 12:00:00;26;28;85;95;85;28;60;N;0
501194;2023-12-24 18:00:00;;;;;95;26;60;E;10
501194;2023-12-25 00:00:00;;;;;90;27;1;E;10
501194;2023-12-25 06:00:00;;;;;85;28;1;N;0
501194;2023-12-25 12:00:00;26;28;85;90;90;27;60;E;20
501194;2023-12-25 18:00:00;;;;;90;26;3;SE;10
501194;2023-12-26 00:00:00;;;;;90;26;1;S;10
501194;2023-12-26 06:00:00;;;;;85;27;1;N;0
501194;2023-12-26 12:00:00;26;30;75;90;75;30;0;NW;20
501194;2023-12-26 18:00:00;;;;;90;26;3;E;0
5005587;2023-12-20 00:00:00;;;;;85;26;1;SW;10
5005587;2023-12-20 03:00:00;;;;;70;27;1;NW;10
5005587;2023-12-20 06:00:00;;;;;60;28;1;N;0
5005587;2023-12-20 09:00:00;;;;;70;29;1;NW;20
5005587;2023-12-20 12:00:00;26;30;60;85;70;30;1;NW;20
5005587;2023-12-20 15:00:00;;;;;75;28;1;SW;20
5005587;2023-12-20 18:00:00;;;;;80;27;1;SW;20
5005587;2023-12-20 21:00:00;;;;;85;26;1;SW;20
5005587;2023-12-21 00:00:00;;;;;90;26;1;SW;20
5005587;2023-12-21 03:00:00;;;;;75;28;1;W;10
5005587;2023-12-21 06:00:00;;;;;70;28;1;NW;20
5005587;2023-12-21 09:00:00;;;;;60;29;1;NW;20
5005587;2023-12-21 12:00:00;26;31;55;90;55;31;0;W;30
5005587;2023-12-21 15:00:00;;;;;60;29;1;SW;30
5005587;2023-12-21 18:00:00;;;;;75;27;1;SW;20
5005587;2023-12-21 21:00:00;;;;;80;27;1;S;10
5005587;2023-12-22 00:00:00;;;;;85;27;1;SW;10
5005587;2023-12-22 03:00:00;;;;;80;27;1;NW;10
5005587;2023-12-22 06:00:00;;;;;75;28;1;NW;20
5005587;2023-12-22 09:00:00;;;;;65;29;3;NW;20
5005587;2023-12-22 12:00:00;27;30;65;85;75;30;3;W;20
5005587;2023-12-22 15:00:00;;;;;65;30;3;SW;20
5005587;2023-12-22 18:00:00;;;;;75;29;3;S;10
5005587;2023-12-22 21:00:00;;;;;80;28;3;S;10
5005587;2023-12-23 00:00:00;;;;;85;28;1;SE;10
5005587;2023-12-23 06:00:00;;;;;75;29;0;N;20
5005587;2023-12-23 12:00:00;27;29;75;90;80;28;95;N;10
5005587;2023-12-23 18:00:00;;;;;90;27;1;SE;10
5005587;2023-12-24 00:00:00;;;;;90;27;1;SE;10
5005587;2023-12-24 06:00:00;;;;;85;28;1;N;0
5005587;2023-12-24 12:00:00;26;28;85;95;85;28;60;N;0
5005587;2023-12-24 18:00:00;;;;;95;26;60;E;10
5005587;2023-12-25 00:00:00;;;;;90;27;1;E;10
5005587;2023-12-25 06:00:00;;;;;85;28;1;N;0
5005587;2023-12-25 12:00:00;26;28;85;90;90;27;60;E;20
5005587;2023-12-25 18:00:00;;;;;90;26;3;SE;10
5005587;2023-12-26 00:00:00;;;;;90;26;1;S;10
5005587;2023-12-26 06:00:00;;;;;85;27;1;N;0
5005587;2023-12-26 12:00:00;26;30;75;90;75;30;0;NW;20
5005587;2023-12-26 18:00:00;;;;;90;26;3;E;0
5005588;2023-12-20 00:00:00;;;;;75;28;1;SW;20
5005588;2023-12-20 03:00:00;;;;;60;28;1;SW;10
5005588;2023-12-20 06:00:00;;;;;60;29;1;NW;20
5005588;2023-12-20 09:00:00;;;;;70;29;1;W;30
5005588;2023-12-20 12:00:00;27;29;60;80;70;29;1;W;40
5005588;2023-12-20 15:00:00;;;;;65;29;1;SW;20
5005588;2023-12-20 18:00:00;;;;;80;27;1;SW;30
5005588;2023-12-20 21:00:00;;;;;80;27;1;SW;20
5005588;2023-12-21 00:00:00;;;;;80;27;1;SW;20
5005588;2023-12-21 03:00:00;;;;;70;27;1;SW;20
5005588;2023-12-21 06:00:00;;;;;60;29;1;W;20
5005588;2023-12-21 09:00:00;;;;;65;29;1;W;20
5005588;2023-12-21 12:00:00;27;29;60;80;70;29;0;W;30
5005588;2023-12-21 15:00:00;;;;;75;28;1;SW;20
5005588;2023-12-21 18:00:00;;;;;65;28;1;SW;20
5005588;2023-12-21 21:00:00;;;;;70;27;1;S;30
5005588;2023-12-22 00:00:00;;;;;75;27;1;SW;20
5005588;2023-12-22 03:00:00;;;;;70;28;1;W;20
5005588;2023-12-22 06:00:00;;;;;60;29;1;W;20
5005588;2023-12-22 09:00:00;;;;;60;30;3;W;20
5005588;2023-12-22 12:00:00;27;30;60;75;75;29;3;W;30
5005588;2023-12-22 15:00:00;;;;;70;29;3;W;30
5005588;2023-12-22 18:00:00;;;;;65;29;3;SW;20
5005588;2023-12-22 21:00:00;;;;;70;28;3;SW;20
5005588;2023-12-23 00:00:00;;;;;75;28;1;S;10
5005588;2023-12-23 06:00:00;;;;;75;28;0;N;10
5005588;2023-12-23 12:00:00;28;29;75;90;80;29;1;NW;10
5005588;2023-12-23 18:00:00;;;;;90;28;60;E;10
5005588;2023-12-24 00:00:00;;;;;90;27;1;SE;10
5005588;2023-12-24 06:00:00;;;;;85;28;0;N;0
5005588;2023-12-24 12:00:00;26;28;80;90;80;28;1;SE;0
5005588;2023-12-24 18:00:00;;;;;90;26;60;N;10
5005588;2023-12-25 00:00:00;;;;;90;27;1;SE;10
5005588;2023-12-25 06:00:00;;;;;85;28;1;NW;10
5005588;2023-12-25 12:00:00;26;29;75;90;75;29;1;NE;0
5005588;2023-12-25 18:00:00;;;;;90;26;3;NE;10
5005588;2023-12-26 00:00:00;;;;;90;27;1;S;10
5005588;2023-12-26 06:00:00;;;;;80;28;0;NW;10
5005588;2023-12-26 12:00:00;27;29;70;90;70;29;1;N;0
5005588;2023-12-26 18:00:00;;;;;75;28;1;NE;10
5005628;2023-12-20 00:00:00;;;;;80;25;1;SW;10
5005628;2023-12-20 03:00:00;;;;;65;30;1;NW;10
5005628;2023-12-20 06:00:00;;;;;55;31;1;N;0
5005628;2023-12-20 09:00:00;;;;;65;30;1;NW;20
5005628;2023-12-20 12:00:00;24;31;55;85;75;29;1;N;0
5005628;2023-12-20 15:00:00;;;;;75;26;1;SW;10
5005628;2023-12-20 18:00:00;;;;;75;26;1;S;10
5005628;2023-12-20 21:00:00;;;;;85;24;1;SW;10
5005628;2023-12-21 00:00:00;;;;;90;25;1;SW;10
5005628;2023-12-21 03:00:00;;;;;70;30;1;NW;10
5005628;2023-12-21 06:00:00;;;;;65;30;1;NW;20
5005628;2023-12-21 09:00:00;;;;;60;30;1;NW;20
5005628;2023-12-21 12:00:00;25;30;55;90;55;30;0;NW;20
5005628;2023-12-21 15:00:00;;;;;60;27;1;SW;20
5005628;2023-12-21 18:00:00;;;;;70;25;1;SW;10
5005628;2023-12-21 21:00:00;;;;;75;25;1;SW;10
5005628;2023-12-22 00:00:00;;;;;85;26;1;SW;10
5005628;2023-12-22 03:00:00;;;;;70;30;1;NW;10
5005628;2023-12-22 06:00:00;;;;;70;30;1;NW;20
5005628;2023-12-22 09:00:00;;;;;65;30;3;NW;20
5005628;2023-12-22 12:00:00;26;30;65;85;65;29;3;NW;0
5005628;2023-12-22 15:00:00;;;;;65;28;3;S;0
5005628;2023-12-22 18:00:00;;;;;80;27;3;S;0
5005628;2023-12-22 21:00:00;;;;;80;26;3;S;10
5005628;2023-12-23 00:00:00;;;;;85;27;1;SE;0
5005628;2023-12-23 06:00:00;;;;;75;30;0;N;20
5005628;2023-12-23 12:00:00;25;30;75;90;80;28;60;NE;0
5005628;2023-12-23 18:00:00;;;;;90;25;1;SE;10
5005628;2023-12-24 00:00:00;;;;;90;26;1;SE;0
5005628;2023-12-24 06:00:00;;;;;80;29;0;N;0
5005628;2023-12-24 12:00:00;25;29;80;90;85;27;1;N;0
5005628;2023-12-24 18:00:00;;;;;90;25;1;SE;0
5005628;2023-12-25 00:00:00;;;;;95;26;1;SE;0
5005628;2023-12-25 06:00:00;;;;;80;29;1;NW;10
5005628;2023-12-25 12:00:00;25;29;80;95;90;26;60;E;10
5005628;2023-12-25 18:00:00;;;;;95;25;1;SE;10
5005628;2023-12-26 00:00:00;;;;;95;26;1;S;10
5005628;2023-12-26 06:00:00;;;;;75;29;1;N;0
5005628;2023-12-26 12:00:00;26;29;75;95;80;28;1;E;0
5005628;2023-12-26 18:00:00;;;;;90;26;3;NE;0
5005603;2023-12-20 00:00:00;;;;;75;25;1;SW;10
5005603;2023-12-20 03:00:00;;;;;50;32;1;W;10
5005603;2023-12-20 06:00:00;;;;;45;34;1;NW;10
5005603;2023-12-20 09:00:00;;;;;55;31;1;N;0
5005603;2023-12-20 12:00:00;23;34;45;85;75;27;1;NE;10
5005603;2023-12-20 15:00:00;;;;;75;26;1;E;10
5005603;2023-12-20 18:00:00;;;;;75;25;1;S;10
5005603;2023-12-20 21:00:00;;;;;85;23;1;SW;10
5005603;2023-12-21 00:00:00;;;;;90;25;1;SW;10
5005603;2023-12-21 03:00:00;;;;;60;31;1;W;0
5005603;2023-12-21 06:00:00;;;;;50;34;1;NW;10
5005603;2023-12-21 09:00:00;;;;;55;32;1;NW;20
5005603;2023-12-21 12:00:00;23;34;50;90;55;29;1;NW;10
5005603;2023-12-21 15:00:00;;;;;65;26;1;S;10
5005603;2023-12-21 18:00:00;;;;;75;24;1;SW;0
5005603;2023-12-21 21:00:00;;;;;75;23;1;SW;10
5005603;2023-12-22 00:00:00;;;;;80;26;1;W;0
5005603;2023-12-22 03:00:00;;;;;65;32;1;N;0
5005603;2023-12-22 06:00:00;;;;;50;34;3;N;0
5005603;2023-12-22 09:00:00;;;;;60;32;3;NW;10
5005603;2023-12-22 12:00:00;25;34;50;80;60;28;3;E;10
5005603;2023-12-22 15:00:00;;;;;70;28;60;SE;10
5005603;2023-12-22 18:00:00;;;;;80;26;3;SW;0
5005603;2023-12-22 21:00:00;;;;;80;25;3;SW;0
5005603;2023-12-23 00:00:00;;;;;85;27;1;N;0
5005603;2023-12-23 06:00:00;;;;;70;31;0;N;0
5005603;2023-12-23 12:00:00;25;31;70;90;80;27;60;N;0
5005603;2023-12-23 18:00:00;;;;;90;25;1;E;0
5005603;2023-12-24 00:00:00;;;;;90;26;0;SE;0
5005603;2023-12-24 06:00:00;;;;;70;31;1;N;0
5005603;2023-12-24 12:00:00;24;31;70;95;90;26;1;NE;0
5005603;2023-12-24 18:00:00;;;;;95;24;60;N;0
5005603;2023-12-25 00:00:00;;;;;95;25;1;SE;0
5005603;2023-12-25 06:00:00;;;;;70;31;1;N;0
5005603;2023-12-25 12:00:00;24;31;70;95;90;25;60;E;0
5005603;2023-12-25 18:00:00;;;;;95;24;60;N;0
5005603;2023-12-26 00:00:00;;;;;95;25;1;S;0
5005603;2023-12-26 06:00:00;;;;;65;31;60;N;0
5005603;2023-12-26 12:00:00;25;31;65;95;75;28;0;N;0
5005603;2023-12-26 18:00:00;;;;;90;26;3;E;0
5005602;2023-12-20 00:00:00;;;;;75;25;1;SW;10
5005602;2023-12-20 03:00:00;;;;;50;32;1;W;10
5005602;2023-12-20 06:00:00;;;;;45;34;1;NW;10
5005602;2023-12-20 09:00:00;;;;;55;31;1;N;0
5005602;2023-12-20 12:00:00;23;34;45;85;75;27;1;NE;10
5005602;2023-12-20 15:00:00;;;;;75;26;1;E;10
5005602;2023-12-20 18:00:00;;;;;75;25;1;S;10
5005602;2023-12-20 21:00:00;;;;;85;23;1;SW;10
5005602;2023-12-21 00:00:00;;;;;90;25;1;SW;10
5005602;2023-12-21 03:00:00;;;;;60;31;1;W;0
5005602;2023-12-21 06:00:00;;;;;50;34;1;NW;10
5005602;2023-12-21 09:00:00;;;;;55;32;1;NW;20
5005602;2023-12-21 12:00:00;23;34;50;90;55;29;1;NW;10
5005602;2023-12-21 15:00:00;;;;;65;26;1;S;10
5005602;2023-12-21 18:00:00;;;;;75;24;1;SW;0
5005602;2023-12-21 21:00:00;;;;;75;23;1;SW;10
5005602;2023-12-22 00:00:00;;;;;80;26;1;W;0
5005602;2023-12-22 03:00:00;;;;;65;32;1;N;0
5005602;2023-12-22 06:00:00;;;;;50;34;3;N;0
5005602;2023-12-22 09:00:00;;;;;60;32;3;NW;10
5005602;2023-12-22 12:00:00;25;34;50;80;60;28;3;E;10
5005602;2023-12-22 15:00:00;;;;;70;28;60;SE;10
5005602;2023-12-22 18:00:00;;;;;80;26;3;SW;0
5005602;2023-12-22 21:00:00;;;;;80;25;3;SW;0
5005602;2023-12-23 00:00:00;;;;;85;27;1;N;0
5005602;2023-12-23 06:00:00;;;;;70;31;0;N;0
5005602;2023-12-23 12:00:00;25;31;70;90;80;27;60;N;0
5005602;2023-12-23 18:00:00;;;;;90;25;1;E;0
5005602;2023-12-24 00:00:00;;;;;90;26;0;SE;0
5005602;2023-12-24 06:00:00;;;;;70;31;1;N;0
5005602;2023-12-24 12:00:00;24;31;70;95;90;26;1;NE;0
5005602;2023-12-24 18:00:00;;;;;95;24;60;N;0
5005602;2023-12-25 00:00:00;;;;;95;25;1;SE;0
5005602;2023-12-25 06:00:00;;;;;70;31;1;N;0
5005602;2023-12-25 12:00:00;24;31;70;95;90;25;60;E;0
5005602;2023-12-25 18:00:00;;;;;95;24;60;N;0
5005602;2023-12-26 00:00:00;;;;;95;25;1;S;0
5005602;2023-12-26 06:00:00;;;;;65;31;60;N;0
5005602;2023-12-26 12:00:00;25;31;65;95;85;27;1;E;0
5005602;2023-12-26 18:00:00;;;;;90;25;1;E;0
5005595;2023-12-20 00:00:00;;;;;75;25;1;SW;10
5005595;2023-12-20 03:00:00;;;;;50;32;1;W;10
5005595;2023-12-20 06:00:00;;;;;45;34;1;NW;10
5005595;2023-12-20 09:00:00;;;;;55;31;1;N;0
5005595;2023-12-20 12:00:00;23;34;45;85;75;27;1;NE;10
5005595;2023-12-20 15:00:00;;;;;75;26;1;E;10
5005595;2023-12-20 18:00:00;;;;;75;25;1;S;10
5005595;2023-12-20 21:00:00;;;;;85;23;1;SW;10
5005595;2023-12-21 00:00:00;;;;;90;25;1;SW;10
5005595;2023-12-21 03:00:00;;;;;60;31;1;W;0
5005595;2023-12-21 06:00:00;;;;;50;34;1;NW;10
5005595;2023-12-21 09:00:00;;;;;55;32;1;NW;20
5005595;2023-12-21 12:00:00;23;34;50;90;55;29;1;NW;10
5005595;2023-12-21 15:00:00;;;;;65;26;1;S;10
5005595;2023-12-21 18:00:00;;;;;75;24;1;SW;0
5005595;2023-12-21 21:00:00;;;;;75;23;1;SW;10
5005595;2023-12-22 00:00:00;;;;;80;26;1;W;0
5005595;2023-12-22 03:00:00;;;;;65;32;1;N;0
5005595;2023-12-22 06:00:00;;;;;50;34;3;N;0
5005595;2023-12-22 09:00:00;;;;;60;32;3;NW;10
5005595;2023-12-22 12:00:00;25;34;50;80;60;28;3;E;10
5005595;2023-12-22 15:00:00;;;;;70;28;3;SE;10
5005595;2023-12-22 18:00:00;;;;;80;26;3;SW;0
5005595;2023-12-22 21:00:00;;;;;80;25;3;SW;0
5005595;2023-12-23 00:00:00;;;;;85;27;1;N;0
5005595;2023-12-23 06:00:00;;;;;70;31;0;N;0
5005595;2023-12-23 12:00:00;25;31;70;90;80;27;60;N;0
5005595;2023-12-23 18:00:00;;;;;90;25;1;E;0
5005595;2023-12-24 00:00:00;;;;;90;26;0;SE;0
5005595;2023-12-24 06:00:00;;;;;70;31;1;N;0
5005595;2023-12-24 12:00:00;24;31;70;95;90;26;1;NE;0
5005595;2023-12-24 18:00:00;;;;;95;24;60;N;0
5005595;2023-12-25 00:00:00;;;;;95;25;1;SE;0
5005595;2023-12-25 06:00:00;;;;;70;31;1;N;0
5005595;2023-12-25 12:00:00;24;31;70;95;90;25;60;E;0
5005595;2023-12-25 18:00:00;;;;;95;24;60;N;0
5005595;2023-12-26 00:00:00;;;;;95;25;1;S;0
5005595;2023-12-26 06:00:00;;;;;65;31;60;N;0
5005595;2023-12-26 12:00:00;25;31;65;95;85;27;1;E;0
5005595;2023-12-26 18:00:00;;;;;90;25;1;E;0
5005608;2023-12-20 00:00:00;;;;;80;25;1;SW;10
5005608;2023-12-20 03:00:00;;;;;65;30;1;NW;10
5005608;2023-12-20 06:00:00;;;;;55;31;1;N;0
5005608;2023-12-20 09:00:00;;;;;65;30;1;NW;20
5005608;2023-12-20 12:00:00;24;31;55;85;75;29;1;N;0
5005608;2023-12-20 15:00:00;;;;;75;26;1;SW;10
5005608;2023-12-20 18:00:00;;;;;75;26;1;S;10
5005608;2023-12-20 21:00:00;;;;;85;24;1;SW;10
5005608;2023-12-21 00:00:00;;;;;90;25;1;SW;10
5005608;2023-12-21 03:00:00;;;;;70;30;1;NW;10
5005608;2023-12-21 06:00:00;;;;;65;30;1;NW;20
5005608;2023-12-21 09:00:00;;;;;60;30;1;NW;20
5005608;2023-12-21 12:00:00;25;30;55;90;55;30;0;NW;20
5005608;2023-12-21 15:00:00;;;;;60;27;1;SW;20
5005608;2023-12-21 18:00:00;;;;;70;25;1;SW;10
5005608;2023-12-21 21:00:00;;;;;75;25;1;SW;10
5005608;2023-12-22 00:00:00;;;;;85;26;1;SW;10
5005608;2023-12-22 03:00:00;;;;;70;30;1;NW;10
5005608;2023-12-22 06:00:00;;;;;70;30;1;NW;20
5005608;2023-12-22 09:00:00;;;;;65;30;3;NW;20
5005608;2023-12-22 12:00:00;26;30;65;85;65;29;3;NW;0
5005608;2023-12-22 15:00:00;;;;;65;28;3;S;0
5005608;2023-12-22 18:00:00;;;;;80;27;3;S;0
5005608;2023-12-22 21:00:00;;;;;80;26;3;S;10
5005608;2023-12-23 00:00:00;;;;;85;27;1;SE;0
5005608;2023-12-23 06:00:00;;;;;75;30;0;N;20
5005608;2023-12-23 12:00:00;25;30;75;90;80;28;60;NE;0
5005608;2023-12-23 18:00:00;;;;;90;25;1;SE;10
5005608;2023-12-24 00:00:00;;;;;90;26;1;SE;0
5005608;2023-12-24 06:00:00;;;;;80;29;0;N;0
5005608;2023-12-24 12:00:00;25;29;80;90;85;27;1;N;0
5005608;2023-12-24 18:00:00;;;;;90;25;1;SE;0
5005608;2023-12-25 00:00:00;;;;;95;26;1;SE;0
5005608;2023-12-25 06:00:00;;;;;80;29;1;NW;10
5005608;2023-12-25 12:00:00;25;29;80;95;90;26;60;E;10
5005608;2023-12-25 18:00:00;;;;;95;25;1;SE;10
5005608;2023-12-26 00:00:00;;;;;95;26;1;S;10
5005608;2023-12-26 06:00:00;;;;;75;29;1;N;0
5005608;2023-12-26 12:00:00;26;29;75;95;80;28;1;E;0
5005608;2023-12-26 18:00:00;;;;;90;26;1;NE;0
5005610;2023-12-20 00:00:00;;;;;80;25;1;SW;10
5005610;2023-12-20 03:00:00;;;;;65;30;1;NW;10
5005610;2023-12-20 06:00:00;;;;;55;31;1;N;0
5005610;2023-12-20 09:00:00;;;;;65;30;1;NW;20
5005610;2023-12-20 12:00:00;24;31;55;85;75;29;1;N;0
5005610;2023-12-20 15:00:00;;;;;75;26;1;SW;10
5005610;2023-12-20 18:00:00;;;;;75;26;1;S;10
5005610;2023-12-20 21:00:00;;;;;85;24;1;SW;10
5005610;2023-12-21 00:00:00;;;;;90;25;1;SW;10
5005610;2023-12-21 03:00:00;;;;;70;30;1;NW;10
5005610;2023-12-21 06:00:00;;;;;65;30;1;NW;20
5005610;2023-12-21 09:00:00;;;;;60;30;1;NW;20
5005610;2023-12-21 12:00:00;25;30;55;90;55;30;0;NW;20
5005610;2023-12-21 15:00:00;;;;;60;27;1;SW;20
5005610;2023-12-21 18:00:00;;;;;70;25;1;SW;10
5005610;2023-12-21 21:00:00;;;;;75;25;1;SW;10
5005610;2023-12-22 00:00:00;;;;;85;26;1;SW;10
5005610;2023-12-22 03:00:00;;;;;70;30;1;NW;10
5005610;2023-12-22 06:00:00;;;;;70;30;3;NW;20
5005610;2023-12-22 09:00:00;;;;;65;30;3;NW;20
5005610;2023-12-22 12:00:00;26;30;65;85;65;29;3;NW;0
5005610;2023-12-22 15:00:00;;;;;65;28;3;S;0
5005610;2023-12-22 18:00:00;;;;;80;27;3;S;0
5005610;2023-12-22 21:00:00;;;;;80;26;3;S;10
5005610;2023-12-23 00:00:00;;;;;85;27;1;SE;0
5005610;2023-12-23 06:00:00;;;;;75;30;0;N;20
5005610;2023-12-23 12:00:00;25;30;75;90;80;28;60;NE;0
5005610;2023-12-23 18:00:00;;;;;90;25;1;SE;10
5005610;2023-12-24 00:00:00;;;;;90;26;1;SE;0
5005610;2023-12-24 06:00:00;;;;;80;29;0;N;0
5005610;2023-12-24 12:00:00;25;29;80;90;85;27;60;N;0
5005610;2023-12-24 18:00:00;;;;;90;25;1;SE;0
5005610;2023-12-25 00:00:00;;;;;95;26;1;SE;0
5005610;2023-12-25 06:00:00;;;;;80;29;1;NW;10
5005610;2023-12-25 12:00:00;25;29;80;95;90;26;60;E;10
5005610;2023-12-25 18:00:00;;;;;95;25;1;SE;10
5005610;2023-12-26 00:00:00;;;;;95;26;1;S;10
5005610;2023-12-26 06:00:00;;;;;75;29;1;N;0
5005610;2023-12-26 12:00:00;26;29;75;95;75;29;0;NW;10
5005610;2023-12-26 18:00:00;;;;;90;26;3;E;0
5005626;2023-12-20 00:00:00;;;;;80;25;1;SW;10
5005626;2023-12-20 03:00:00;;;;;65;30;1;NW;10
5005626;2023-12-20 06:00:00;;;;;55;31;1;N;0
5005626;2023-12-20 09:00:00;;;;;65;30;1;NW;20
5005626;2023-12-20 12:00:00;24;31;55;85;75;29;1;N;0
5005626;2023-12-20 15:00:00;;;;;75;26;1;SW;10
5005626;2023-12-20 18:00:00;;;;;75;26;1;S;10
5005626;2023-12-20 21:00:00;;;;;85;24;1;SW;10
5005626;2023-12-21 00:00:00;;;;;90;25;1;SW;10
5005626;2023-12-21 03:00:00;;;;;70;30;1;NW;10
5005626;2023-12-21 06:00:00;;;;;65;30;1;NW;20
5005626;2023-12-21 09:00:00;;;;;60;30;1;NW;20
5005626;2023-12-21 12:00:00;25;30;55;90;55;30;0;NW;20
5005626;2023-12-21 15:00:00;;;;;60;27;1;SW;20
5005626;2023-12-21 18:00:00;;;;;70;25;1;SW;10
5005626;2023-12-21 21:00:00;;;;;75;25;1;SW;10
5005626;2023-12-22 00:00:00;;;;;85;26;1;SW;10
5005626;2023-12-22 03:00:00;;;;;70;30;1;NW;10
5005626;2023-12-22 06:00:00;;;;;70;30;3;NW;20
5005626;2023-12-22 09:00:00;;;;;65;30;3;NW;20
5005626;2023-12-22 12:00:00;26;30;65;85;65;29;3;NW;0
5005626;2023-12-22 15:00:00;;;;;65;28;3;S;0
5005626;2023-12-22 18:00:00;;;;;80;27;3;S;0
5005626;2023-12-22 21:00:00;;;;;80;26;3;S;10
5005626;2023-12-23 00:00:00;;;;;85;27;1;SE;0
5005626;2023-12-23 06:00:00;;;;;75;30;0;N;20
5005626;2023-12-23 12:00:00;25;30;75;90;80;28;60;NE;0
5005626;2023-12-23 18:00:00;;;;;90;25;1;SE;10
5005626;2023-12-24 00:00:00;;;;;90;26;1;SE;0
5005626;2023-12-24 06:00:00;;;;;80;29;0;N;0
5005626;2023-12-24 12:00:00;25;29;80;90;85;27;1;N;0
5005626;2023-12-24 18:00:00;;;;;90;25;1;SE;0
5005626;2023-12-25 00:00:00;;;;;95;26;1;SE;0
5005626;2023-12-25 06:00:00;;;;;80;29;1;NW;10
5005626;2023-12-25 12:00:00;25;29;80;95;90;26;60;E;10
5005626;2023-12-25 18:00:00;;;;;95;25;1;SE;10
5005626;2023-12-26 00:00:00;;;;;95;26;1;S;10
5005626;2023-12-26 06:00:00;;;;;75;29;1;N;0
5005626;2023-12-26 12:00:00;26;29;75;95;80;28;1;E;0
5005626;2023-12-26 18:00:00;;;;;90;26;1;NE;0
5005619;2023-12-20 00:00:00;;;;;80;26;1;SW;0
5005619;2023-12-20 03:00:00;;;;;50;32;1;W;0
5005619;2023-12-20 06:00:00;;;;;40;35;1;NW;10
5005619;2023-12-20 09:00:00;;;;;55;32;1;N;0
5005619;2023-12-20 12:00:00;23;35;40;95;70;28;1;N;0
5005619;2023-12-20 15:00:00;;;;;75;26;1;SE;10
5005619;2023-12-20 18:00:00;;;;;75;25;1;SW;10
5005619;2023-12-20 21:00:00;;;;;95;23;1;SW;10
5005619;2023-12-21 00:00:00;;;;;90;25;1;SW;10
5005619;2023-12-21 03:00:00;;;;;60;31;1;SW;0
5005619;2023-12-21 06:00:00;;;;;45;34;1;NW;10
5005619;2023-12-21 09:00:00;;;;;45;33;1;NW;10
5005619;2023-12-21 12:00:00;23;34;45;90;55;29;0;W;10
5005619;2023-12-21 15:00:00;;;;;65;26;1;SW;10
5005619;2023-12-21 18:00:00;;;;;75;24;1;SW;0
5005619;2023-12-21 21:00:00;;;;;80;23;1;SW;0
5005619;2023-12-22 00:00:00;;;;;85;26;1;W;0
5005619;2023-12-22 03:00:00;;;;;60;32;1;N;0
5005619;2023-12-22 06:00:00;;;;;50;35;3;NW;10
5005619;2023-12-22 09:00:00;;;;;55;32;3;NW;20
5005619;2023-12-22 12:00:00;26;35;50;85;60;29;3;E;10
5005619;2023-12-22 15:00:00;;;;;70;28;3;SE;10
5005619;2023-12-22 18:00:00;;;;;75;27;3;SW;10
5005619;2023-12-22 21:00:00;;;;;80;26;3;SW;0
5005619;2023-12-23 00:00:00;;;;;80;27;1;W;0
5005619;2023-12-23 06:00:00;;;;;65;31;1;N;10
5005619;2023-12-23 12:00:00;25;31;65;90;80;28;60;NE;10
5005619;2023-12-23 18:00:00;;;;;90;25;1;SE;0
5005619;2023-12-24 00:00:00;;;;;90;26;1;S;0
5005619;2023-12-24 06:00:00;;;;;75;30;1;N;0
5005619;2023-12-24 12:00:00;24;30;75;95;90;26;1;N;0
5005619;2023-12-24 18:00:00;;;;;95;24;60;E;0
5005619;2023-12-25 00:00:00;;;;;95;25;1;SE;0
5005619;2023-12-25 06:00:00;;;;;70;30;1;NW;10
5005619;2023-12-25 12:00:00;24;30;70;95;90;25;60;SE;10
5005619;2023-12-25 18:00:00;;;;;95;24;60;SE;0
5005619;2023-12-26 00:00:00;;;;;95;25;1;S;0
5005619;2023-12-26 06:00:00;;;;;60;32;1;N;0
5005619;2023-12-26 12:00:00;25;32;60;95;80;28;1;E;0
5005619;2023-12-26 18:00:00;;;;;90;25;1;E;0
5005596;2023-12-20 00:00:00;;;;;75;25;1;SW;10
5005596;2023-12-20 03:00:00;;;;;50;32;1;W;10
5005596;2023-12-20 06:00:00;;;;;45;34;1;NW;10
5005596;2023-12-20 09:00:00;;;;;55;31;1;N;0
5005596;2023-12-20 12:00:00;23;34;45;85;75;27;1;NE;10
5005596;2023-12-20 15:00:00;;;;;75;26;1;E;10
5005596;2023-12-20 18:00:00;;;;;75;25;1;S;10
5005596;2023-12-20 21:00:00;;;;;85;23;1;SW;10
5005596;2023-12-21 00:00:00;;;;;90;25;1;SW;10
5005596;2023-12-21 03:00:00;;;;;60;31;1;W;0
5005596;2023-12-21 06:00:00;;;;;50;34;1;NW;10
5005596;2023-12-21 09:00:00;;;;;55;32;1;NW;20
5005596;2023-12-21 12:00:00;23;34;50;90;55;29;1;NW;10
5005596;2023-12-21 15:00:00;;;;;65;26;1;S;10
5005596;2023-12-21 18:00:00;;;;;75;24;1;SW;0
5005596;2023-12-21 21:00:00;;;;;75;23;1;SW;10
5005596;2023-12-22 00:00:00;;;;;80;26;1;W;0
5005596;2023-12-22 03:00:00;;;;;65;32;1;N;0
5005596;2023-12-22 06:00:00;;;;;50;34;3;N;0
5005596;2023-12-22 09:00:00;;;;;60;32;3;NW;10
5005596;2023-12-22 12:00:00;25;34;50;80;60;28;3;E;10
5005596;2023-12-22 15:00:00;;;;;70;28;3;SE;10
5005596;2023-12-22 18:00:00;;;;;80;26;3;SW;0
5005596;2023-12-22 21:00:00;;;;;80;25;3;SW;0
5005596;2023-12-23 00:00:00;;;;;85;27;1;N;0
5005596;2023-12-23 06:00:00;;;;;70;31;0;N;0
5005596;2023-12-23 12:00:00;25;31;70;90;80;27;60;N;0
5005596;2023-12-23 18:00:00;;;;;90;25;1;E;0
5005596;2023-12-24 00:00:00;;;;;90;26;0;SE;0
5005596;2023-12-24 06:00:00;;;;;70;31;1;N;0
5005596;2023-12-24 12:00:00;24;31;70;95;90;26;1;NE;0
5005596;2023-12-24 18:00:00;;;;;95;24;60;N;0
5005596;2023-12-25 00:00:00;;;;;95;25;1;SE;0
5005596;2023-12-25 06:00:00;;;;;70;31;1;N;0
5005596;2023-12-25 12:00:00;24;31;70;95;90;25;60;E;0
5005596;2023-12-25 18:00:00;;;;;95;24;60;N;0
5005596;2023-12-26 00:00:00;;;;;95;25;1;S;0
5005596;2023-12-26 06:00:00;;;;;65;31;60;N;0
5005596;2023-12-26 12:00:00;25;31;65;95;85;27;1;E;0
5005596;2023-12-26 18:00:00;;;;;90;25;1;E;0
5005590;2023-12-20 00:00:00;;;;;75;25;1;SW;10
5005590;2023-12-20 03:00:00;;;;;50;32;1;W;10
5005590;2023-12-20 06:00:00;;;;;45;34;1;NW;10
5005590;2023-12-20 09:00:00;;;;;55;31;1;N;0
5005590;2023-12-20 12:00:00;23;34;45;85;75;27;1;NE;10
5005590;2023-12-20 15:00:00;;;;;75;26;1;E;10
5005590;2023-12-20 18:00:00;;;;;75;25;1;S;10
5005590;2023-12-20 21:00:00;;;;;85;23;1;SW;10
5005590;2023-12-21 00:00:00;;;;;90;25;1;SW;10
5005590;2023-12-21 03:00:00;;;;;60;31;1;W;0
5005590;2023-12-21 06:00:00;;;;;50;34;1;NW;10
5005590;2023-12-21 09:00:00;;;;;55;32;1;NW;20
5005590;2023-12-21 12:00:00;23;34;50;90;55;29;1;NW;10
5005590;2023-12-21 15:00:00;;;;;65;26;1;S;10
5005590;2023-12-21 18:00:00;;;;;75;24;1;SW;0
5005590;2023-12-21 21:00:00;;;;;75;23;1;SW;10
5005590;2023-12-22 00:00:00;;;;;80;26;1;W;0
5005590;2023-12-22 03:00:00;;;;;65;32;1;N;0
5005590;2023-12-22 06:00:00;;;;;50;34;3;N;0
5005590;2023-12-22 09:00:00;;;;;60;32;3;NW;10
5005590;2023-12-22 12:00:00;25;34;50;80;60;28;3;E;10
5005590;2023-12-22 15:00:00;;;;;70;28;60;SE;10
5005590;2023-12-22 18:00:00;;;;;80;26;3;SW;0
5005590;2023-12-22 21:00:00;;;;;80;25;3;SW;0
5005590;2023-12-23 00:00:00;;;;;85;27;1;N;0
5005590;2023-12-23 06:00:00;;;;;70;31;0;N;0
5005590;2023-12-23 12:00:00;25;31;70;90;80;27;60;N;0
5005590;2023-12-23 18:00:00;;;;;90;25;1;E;0
5005590;2023-12-24 00:00:00;;;;;90;26;0;SE;0
5005590;2023-12-24 06:00:00;;;;;70;31;1;N;0
5005590;2023-12-24 12:00:00;24;31;70;95;90;26;1;NE;0
5005590;2023-12-24 18:00:00;;;;;95;24;60;N;0
5005590;2023-12-25 00:00:00;;;;;95;25;1;SE;0
5005590;2023-12-25 06:00:00;;;;;70;31;1;N;0
5005590;2023-12-25 12:00:00;24;31;70;95;90;25;60;E;0
5005590;2023-12-25 18:00:00;;;;;95;24;60;N;0
5005590;2023-12-26 00:00:00;;;;;95;25;1;S;0
5005590;2023-12-26 06:00:00;;;;;65;31;60;N;0
5005590;2023-12-26 12:00:00;25;31;65;95;75;28;0;N;0
5005590;2023-12-26 18:00:00;;;;;90;26;3;E;0
5005599;2023-12-20 00:00:00;;;;;75;25;1;SW;0
5005599;2023-12-20 03:00:00;;;;;45;32;1;SW;0
5005599;2023-12-20 06:00:00;;;;;35;34;1;NW;0
5005599;2023-12-20 09:00:00;;;;;45;32;1;N;0
5005599;2023-12-20 12:00:00;22;34;35;85;75;27;1;NE;10
5005599;2023-12-20 15:00:00;;;;;70;26;1;E;10
5005599;2023-12-20 18:00:00;;;;;75;24;1;SE;10
5005599;2023-12-20 21:00:00;;;;;85;22;1;SW;10
5005599;2023-12-21 00:00:00;;;;;80;25;1;W;10
5005599;2023-12-21 03:00:00;;;;;60;31;1;NW;0
5005599;2023-12-21 06:00:00;;;;;40;34;1;NW;10
5005599;2023-12-21 09:00:00;;;;;45;33;1;N;0
5005599;2023-12-21 12:00:00;23;34;40;80;55;28;1;N;0
5005599;2023-12-21 15:00:00;;;;;65;26;1;SE;10
5005599;2023-12-21 18:00:00;;;;;75;24;1;S;0
5005599;2023-12-21 21:00:00;;;;;80;23;1;SW;10
5005599;2023-12-22 00:00:00;;;;;75;26;0;SW;0
5005599;2023-12-22 03:00:00;;;;;55;32;1;W;0
5005599;2023-12-22 06:00:00;;;;;40;35;3;NW;10
5005599;2023-12-22 09:00:00;;;;;55;32;3;N;0
5005599;2023-12-22 12:00:00;25;35;40;80;55;29;3;E;10
5005599;2023-12-22 15:00:00;;;;;75;27;60;E;10
5005599;2023-12-22 18:00:00;;;;;80;26;3;S;0
5005599;2023-12-22 21:00:00;;;;;80;25;3;SW;0
5005599;2023-12-23 00:00:00;;;;;80;27;0;NE;0
5005599;2023-12-23 06:00:00;;;;;55;34;1;NW;10
5005599;2023-12-23 12:00:00;24;34;55;95;85;27;60;NE;10
5005599;2023-12-23 18:00:00;;;;;95;24;1;SE;0
5005599;2023-12-24 00:00:00;;;;;90;26;0;N;0
5005599;2023-12-24 06:00:00;;;;;60;33;1;N;0
5005599;2023-12-24 12:00:00;24;33;60;95;90;26;60;NE;0
5005599;2023-12-24 18:00:00;;;;;95;24;60;E;0
5005599;2023-12-25 00:00:00;;;;;95;25;1;SE;0
5005599;2023-12-25 06:00:00;;;;;55;32;60;NW;10
5005599;2023-12-25 12:00:00;24;32;55;95;90;26;60;N;0
5005599;2023-12-25 18:00:00;;;;;95;24;60;E;0
5005599;2023-12-26 00:00:00;;;;;95;25;1;S;0
5005599;2023-12-26 06:00:00;;;;;60;32;60;N;0
5005599;2023-12-26 12:00:00;24;32;60;95;90;26;1;E;0
5005599;2023-12-26 18:00:00;;;;;95;24;1;NE;0
5005625;2023-12-20 00:00:00;;;;;85;25;1;SW;10
5005625;2023-12-20 03:00:00;;;;;55;31;1;NW;10
5005625;2023-12-20 06:00:00;;;;;50;31;1;N;0
5005625;2023-12-20 09:00:00;;;;;65;30;1;NW;20
5005625;2023-12-20 12:00:00;23;31;50;95;70;28;1;W;10
5005625;2023-12-20 15:00:00;;;;;80;25;1;W;10
5005625;2023-12-20 18:00:00;;;;;80;25;1;SW;10
5005625;2023-12-20 21:00:00;;;;;95;23;1;SW;10
5005625;2023-12-21 00:00:00;;;;;90;25;1;SW;10
5005625;2023-12-21 03:00:00;;;;;65;30;1;NW;0
5005625;2023-12-21 06:00:00;;;;;55;31;1;NW;20
5005625;2023-12-21 09:00:00;;;;;55;31;1;NW;20
5005625;2023-12-21 12:00:00;24;31;55;90;55;30;0;W;10
5005625;2023-12-21 15:00:00;;;;;65;27;1;SW;20
5005625;2023-12-21 18:00:00;;;;;75;25;1;SW;10
5005625;2023-12-21 21:00:00;;;;;75;24;1;SW;10
5005625;2023-12-22 00:00:00;;;;;85;25;1;SW;10
5005625;2023-12-22 03:00:00;;;;;65;31;1;N;0
5005625;2023-12-22 06:00:00;;;;;65;31;3;N;0
5005625;2023-12-22 09:00:00;;;;;55;30;3;NW;20
5005625;2023-12-22 12:00:00;25;31;55;85;70;29;3;NW;10
5005625;2023-12-22 15:00:00;;;;;65;27;3;SW;10
5005625;2023-12-22 18:00:00;;;;;75;27;3;SW;10
5005625;2023-12-22 21:00:00;;;;;80;26;3;SW;10
5005625;2023-12-23 00:00:00;;;;;75;27;1;SW;0
5005625;2023-12-23 06:00:00;;;;;75;30;1;N;20
5005625;2023-12-23 12:00:00;25;30;75;90;80;28;1;N;0
5005625;2023-12-23 18:00:00;;;;;90;25;1;SE;0
5005625;2023-12-24 00:00:00;;;;;90;26;1;S;0
5005625;2023-12-24 06:00:00;;;;;80;30;60;N;0
5005625;2023-12-24 12:00:00;25;30;80;95;85;27;1;SW;0
5005625;2023-12-24 18:00:00;;;;;95;25;1;SE;0
5005625;2023-12-25 00:00:00;;;;;95;26;1;SE;0
5005625;2023-12-25 06:00:00;;;;;75;29;1;N;0
5005625;2023-12-25 12:00:00;25;29;75;95;85;27;60;E;10
5005625;2023-12-25 18:00:00;;;;;95;25;60;SE;10
5005625;2023-12-26 00:00:00;;;;;95;25;1;S;10
5005625;2023-12-26 06:00:00;;;;;70;30;1;N;0
5005625;2023-12-26 12:00:00;25;30;70;95;80;28;1;NE;0
5005625;2023-12-26 18:00:00;;;;;90;26;60;E;10
5005592;2023-12-20 00:00:00;;;;;80;26;1;SW;0
5005592;2023-12-20 03:00:00;;;;;50;32;1;W;0
5005592;2023-12-20 06:00:00;;;;;40;35;1;NW;10
5005592;2023-12-20 09:00:00;;;;;55;32;1;N;0
5005592;2023-12-20 12:00:00;23;35;40;95;70;28;1;N;0
5005592;2023-12-20 15:00:00;;;;;75;26;1;SE;10
5005592;2023-12-20 18:00:00;;;;;75;25;1;SW;10
5005592;2023-12-20 21:00:00;;;;;95;23;1;SW;10
5005592;2023-12-21 00:00:00;;;;;90;25;1;SW;10
5005592;2023-12-21 03:00:00;;;;;60;31;1;SW;0
5005592;2023-12-21 06:00:00;;;;;45;34;1;NW;10
5005592;2023-12-21 09:00:00;;;;;45;33;1;NW;10
5005592;2023-12-21 12:00:00;23;34;45;90;55;29;1;W;10
5005592;2023-12-21 15:00:00;;;;;65;26;1;SW;10
5005592;2023-12-21 18:00:00;;;;;75;24;1;SW;0
5005592;2023-12-21 21:00:00;;;;;80;23;1;SW;0
5005592;2023-12-22 00:00:00;;;;;85;26;1;W;0
5005592;2023-12-22 03:00:00;;;;;60;32;1;N;0
5005592;2023-12-22 06:00:00;;;;;50;35;3;NW;10
5005592;2023-12-22 09:00:00;;;;;55;32;3;NW;20
5005592;2023-12-22 12:00:00;26;35;50;85;60;29;3;E;10
5005592;2023-12-22 15:00:00;;;;;70;28;3;SE;10
5005592;2023-12-22 18:00:00;;;;;75;27;3;SW;10
5005592;2023-12-22 21:00:00;;;;;80;26;3;SW;0
5005592;2023-12-23 00:00:00;;;;;80;27;1;W;0
5005592;2023-12-23 06:00:00;;;;;65;31;1;N;10
5005592;2023-12-23 12:00:00;25;31;65;90;80;28;60;NE;10
5005592;2023-12-23 18:00:00;;;;;90;25;1;SE;0
5005592;2023-12-24 00:00:00;;;;;90;26;1;S;0
5005592;2023-12-24 06:00:00;;;;;75;30;1;N;0
5005592;2023-12-24 12:00:00;24;30;75;95;90;26;1;N;0
5005592;2023-12-24 18:00:00;;;;;95;24;60;E;0
5005592;2023-12-25 00:00:00;;;;;95;25;1;SE;0
5005592;2023-12-25 06:00:00;;;;;70;30;1;NW;10
5005592;2023-12-25 12:00:00;24;30;70;95;90;25;60;SE;10
5005592;2023-12-25 18:00:00;;;;;95;24;60;SE;0
5005592;2023-12-26 00:00:00;;;;;95;25;1;S;0
5005592;2023-12-26 06:00:00;;;;;60;32;1;N;0
5005592;2023-12-26 12:00:00;25;32;60;95;80;28;1;E;0
5005592;2023-12-26 18:00:00;;;;;90;25;1;E;0
5005607;2023-12-20 00:00:00;;;;;75;25;1;SW;10
5005607;2023-12-20 03:00:00;;;;;50;32;1;W;10
5005607;2023-12-20 06:00:00;;;;;45;34;1;NW;10
5005607;2023-12-20 09:00:00;;;;;55;31;1;N;0
5005607;2023-12-20 12:00:00;23;34;45;85;75;27;1;NE;10
5005607;2023-12-20 15:00:00;;;;;75;26;1;E;10
5005607;2023-12-20 18:00:00;;;;;75;25;1;S;10
5005607;2023-12-20 21:00:00;;;;;85;23;1;SW;10
5005607;2023-12-21 00:00:00;;;;;90;25;1;SW;10
5005607;2023-12-21 03:00:00;;;;;60;31;1;W;0
5005607;2023-12-21 06:00:00;;;;;50;34;1;NW;10
5005607;2023-12-21 09:00:00;;;;;55;32;1;NW;20
5005607;2023-12-21 12:00:00;23;34;50;90;55;29;0;NW;10
5005607;2023-12-21 15:00:00;;;;;65;26;1;S;10
5005607;2023-12-21 18:00:00;;;;;75;24;1;SW;0
5005607;2023-12-21 21:00:00;;;;;75;23;1;SW;10
5005607;2023-12-22 00:00:00;;;;;80;26;1;W;0
5005607;2023-12-22 03:00:00;;;;;65;32;1;N;0
5005607;2023-12-22 06:00:00;;;;;50;34;3;N;0
5005607;2023-12-22 09:00:00;;;;;60;32;3;NW;10
5005607;2023-12-22 12:00:00;25;34;50;80;60;28;3;E;10
5005607;2023-12-22 15:00:00;;;;;70;28;60;SE;10
5005607;2023-12-22 18:00:00;;;;;80;26;3;SW;0
5005607;2023-12-22 21:00:00;;;;;80;25;3;SW;0
5005607;2023-12-23 00:00:00;;;;;85;27;1;N;0
5005607;2023-12-23 06:00:00;;;;;70;31;0;N;0
5005607;2023-12-23 12:00:00;25;31;70;90;80;27;60;N;0
5005607;2023-12-23 18:00:00;;;;;90;25;1;E;0
5005607;2023-12-24 00:00:00;;;;;90;26;0;SE;0
5005607;2023-12-24 06:00:00;;;;;70;31;1;N;0
5005607;2023-12-24 12:00:00;24;31;70;95;90;26;1;NE;0
5005607;2023-12-24 18:00:00;;;;;95;24;60;N;0
5005607;2023-12-25 00:00:00;;;;;95;25;1;SE;0
5005607;2023-12-25 06:00:00;;;;;70;31;1;N;0
5005607;2023-12-25 12:00:00;24;31;70;95;90;25;60;E;0
5005607;2023-12-25 18:00:00;;;;;95;24;60;N;0
5005607;2023-12-26 00:00:00;;;;;95;25;1;S;0
5005607;2023-12-26 06:00:00;;;;;65;31;60;N;0
5005607;2023-12-26 12:00:00;25;31;65;95;85;27;1;E;0
5005607;2023-12-26 18:00:00;;;;;90;25;3;E;0
5005615;2023-12-20 00:00:00;;;;;80;25;1;SW;10
5005615;2023-12-20 03:00:00;;;;;65;30;1;NW;10
5005615;2023-12-20 06:00:00;;;;;55;31;1;N;0
5005615;2023-12-20 09:00:00;;;;;65;30;1;NW;20
5005615;2023-12-20 12:00:00;24;31;55;85;75;29;1;N;0
5005615;2023-12-20 15:00:00;;;;;75;26;1;SW;10
5005615;2023-12-20 18:00:00;;;;;75;26;1;S;10
5005615;2023-12-20 21:00:00;;;;;85;24;1;SW;10
5005615;2023-12-21 00:00:00;;;;;90;25;1;SW;10
5005615;2023-12-21 03:00:00;;;;;70;30;1;NW;10
5005615;2023-12-21 06:00:00;;;;;65;30;1;NW;20
5005615;2023-12-21 09:00:00;;;;;60;30;1;NW;20
5005615;2023-12-21 12:00:00;25;30;55;90;55;30;0;NW;20
5005615;2023-12-21 15:00:00;;;;;60;27;1;SW;20
5005615;2023-12-21 18:00:00;;;;;70;25;1;SW;10
5005615;2023-12-21 21:00:00;;;;;75;25;1;SW;10
5005615;2023-12-22 00:00:00;;;;;85;26;1;SW;10
5005615;2023-12-22 03:00:00;;;;;70;30;1;NW;10
5005615;2023-12-22 06:00:00;;;;;70;30;3;NW;20
5005615;2023-12-22 09:00:00;;;;;65;30;3;NW;20
5005615;2023-12-22 12:00:00;26;30;65;85;65;29;3;NW;0
5005615;2023-12-22 15:00:00;;;;;65;28;3;S;0
5005615;2023-12-22 18:00:00;;;;;80;27;3;S;0
5005615;2023-12-22 21:00:00;;;;;80;26;3;S;10
5005615;2023-12-23 00:00:00;;;;;85;27;1;SE;0
5005615;2023-12-23 06:00:00;;;;;75;30;0;N;20
5005615;2023-12-23 12:00:00;25;30;75;90;80;28;60;NE;0
5005615;2023-12-23 18:00:00;;;;;90;25;1;SE;10
5005615;2023-12-24 00:00:00;;;;;90;26;1;SE;0
5005615;2023-12-24 06:00:00;;;;;80;29;0;N;0
5005615;2023-12-24 12:00:00;25;29;80;90;85;27;1;N;0
5005615;2023-12-24 18:00:00;;;;;90;25;1;SE;0
5005615;2023-12-25 00:00:00;;;;;95;26;1;SE;0
5005615;2023-12-25 06:00:00;;;;;80;29;1;NW;10
5005615;2023-12-25 12:00:00;25;29;80;95;90;26;60;E;10
5005615;2023-12-25 18:00:00;;;;;95;25;1;SE;10
5005615;2023-12-26 00:00:00;;;;;95;26;1;S;10
5005615;2023-12-26 06:00:00;;;;;75;29;1;N;0
5005615;2023-12-26 12:00:00;26;29;75;95;80;28;1;E;0
5005615;2023-12-26 18:00:00;;;;;90;26;3;NE;0
5005611;2023-12-20 00:00:00;;;;;80;25;1;SW;10
5005611;2023-12-20 03:00:00;;;;;65;30;1;NW;10
5005611;2023-12-20 06:00:00;;;;;55;31;1;N;0
5005611;2023-12-20 09:00:00;;;;;65;30;1;NW;20
5005611;2023-12-20 12:00:00;24;31;55;85;75;29;1;N;0
5005611;2023-12-20 15:00:00;;;;;75;26;1;SW;10
5005611;2023-12-20 18:00:00;;;;;75;26;1;S;10
5005611;2023-12-20 21:00:00;;;;;85;24;1;SW;10
5005611;2023-12-21 00:00:00;;;;;90;25;1;SW;10
5005611;2023-12-21 03:00:00;;;;;70;30;1;NW;10
5005611;2023-12-21 06:00:00;;;;;65;30;1;NW;20
5005611;2023-12-21 09:00:00;;;;;60;30;1;NW;20
5005611;2023-12-21 12:00:00;25;30;55;90;55;30;0;NW;20
5005611;2023-12-21 15:00:00;;;;;60;27;1;SW;20
5005611;2023-12-21 18:00:00;;;;;70;25;1;SW;10
5005611;2023-12-21 21:00:00;;;;;75;25;1;SW;10
5005611;2023-12-22 00:00:00;;;;;85;26;1;SW;10
5005611;2023-12-22 03:00:00;;;;;70;30;1;NW;10
5005611;2023-12-22 06:00:00;;;;;70;30;1;NW;20
5005611;2023-12-22 09:00:00;;;;;65;30;3;NW;20
5005611;2023-12-22 12:00:00;26;30;65;85;65;29;3;NW;0
5005611;2023-12-22 15:00:00;;;;;65;28;3;S;0
5005611;2023-12-22 18:00:00;;;;;80;27;3;S;0
5005611;2023-12-22 21:00:00;;;;;80;26;3;S;10
5005611;2023-12-23 00:00:00;;;;;85;27;1;SE;0
5005611;2023-12-23 06:00:00;;;;;75;30;0;N;20
5005611;2023-12-23 12:00:00;25;30;75;90;80;28;60;NE;0
5005611;2023-12-23 18:00:00;;;;;90;25;1;SE;10
5005611;2023-12-24 00:00:00;;;;;90;26;1;SE;0
5005611;2023-12-24 06:00:00;;;;;80;29;0;N;0
5005611;2023-12-24 12:00:00;25;29;80;90;85;27;1;N;0
5005611;2023-12-24 18:00:00;;;;;90;25;1;SE;0
5005611;2023-12-25 00:00:00;;;;;95;26;1;SE;0
5005611;2023-12-25 06:00:00;;;;;80;29;1;NW;10
5005611;2023-12-25 12:00:00;25;29;80;95;90;26;60;E;10
5005611;2023-12-25 18:00:00;;;;;95;25;1;SE;10
5005611;2023-12-26 00:00:00;;;;;95;26;1;S;10
5005611;2023-12-26 06:00:00;;;;;75;29;1;N;0
5005611;2023-12-26 12:00:00;26;29;75;95;80;28;1;E;0
5005611;2023-12-26 18:00:00;;;;;90;26;1;NE;0
5005598;2023-12-20 00:00:00;;;;;80;26;1;SW;0
5005598;2023-12-20 03:00:00;;;;;50;32;1;W;0
5005598;2023-12-20 06:00:00;;;;;40;35;1;NW;10
5005598;2023-12-20 09:00:00;;;;;55;32;1;N;0
5005598;2023-12-20 12:00:00;23;35;40;95;70;28;1;N;0
5005598;2023-12-20 15:00:00;;;;;75;26;1;SE;10
5005598;2023-12-20 18:00:00;;;;;75;25;1;SW;10
5005598;2023-12-20 21:00:00;;;;;95;23;1;SW;10
5005598;2023-12-21 00:00:00;;;;;90;25;1;SW;10
5005598;2023-12-21 03:00:00;;;;;60;31;1;SW;0
5005598;2023-12-21 06:00:00;;;;;45;34;1;NW;10
5005598;2023-12-21 09:00:00;;;;;45;33;1;NW;10
5005598;2023-12-21 12:00:00;23;34;45;90;55;29;0;W;10
5005598;2023-12-21 15:00:00;;;;;65;26;1;SW;10
5005598;2023-12-21 18:00:00;;;;;75;24;1;SW;0
5005598;2023-12-21 21:00:00;;;;;80;23;1;SW;0
5005598;2023-12-22 00:00:00;;;;;85;26;1;W;0
5005598;2023-12-22 03:00:00;;;;;60;32;1;N;0
5005598;2023-12-22 06:00:00;;;;;50;35;3;NW;10
5005598;2023-12-22 09:00:00;;;;;55;32;3;NW;20
5005598;2023-12-22 12:00:00;26;35;50;85;60;29;3;E;10
5005598;2023-12-22 15:00:00;;;;;70;28;3;SE;10
5005598;2023-12-22 18:00:00;;;;;75;27;3;SW;10
5005598;2023-12-22 21:00:00;;;;;80;26;3;SW;0
5005598;2023-12-23 00:00:00;;;;;80;27;1;W;0
5005598;2023-12-23 06:00:00;;;;;65;31;1;N;10
5005598;2023-12-23 12:00:00;25;31;65;90;80;28;60;NE;10
5005598;2023-12-23 18:00:00;;;;;90;25;1;SE;0
5005598;2023-12-24 00:00:00;;;;;90;26;1;S;0
5005598;2023-12-24 06:00:00;;;;;75;30;1;N;0
5005598;2023-12-24 12:00:00;24;30;75;95;90;26;1;N;0
5005598;2023-12-24 18:00:00;;;;;95;24;60;E;0
5005598;2023-12-25 00:00:00;;;;;95;25;1;SE;0
5005598;2023-12-25 06:00:00;;;;;70;30;1;NW;10
5005598;2023-12-25 12:00:00;24;30;70;95;90;25;60;SE;10
5005598;2023-12-25 18:00:00;;;;;95;24;60;SE;0
5005598;2023-12-26 00:00:00;;;;;95;25;1;S;0
5005598;2023-12-26 06:00:00;;;;;60;32;1;N;0
5005598;2023-12-26 12:00:00;25;32;60;95;80;28;1;E;0
5005598;2023-12-26 18:00:00;;;;;90;25;1;E;0
5005622;2023-12-20 00:00:00;;;;;85;25;1;SW;10
5005622;2023-12-20 03:00:00;;;;;55;31;1;NW;10
5005622;2023-12-20 06:00:00;;;;;50;31;1;N;0
5005622;2023-12-20 09:00:00;;;;;65;30;1;NW;20
5005622;2023-12-20 12:00:00;23;31;50;95;70;28;1;W;10
5005622;2023-12-20 15:00:00;;;;;80;25;1;W;10
5005622;2023-12-20 18:00:00;;;;;80;25;1;SW;10
5005622;2023-12-20 21:00:00;;;;;95;23;1;SW;10
5005622;2023-12-21 00:00:00;;;;;90;25;1;SW;10
5005622;2023-12-21 03:00:00;;;;;65;30;1;NW;0
5005622;2023-12-21 06:00:00;;;;;55;31;1;NW;20
5005622;2023-12-21 09:00:00;;;;;55;31;1;NW;20
5005622;2023-12-21 12:00:00;24;31;55;90;55;30;0;W;10
5005622;2023-12-21 15:00:00;;;;;65;27;1;SW;20
5005622;2023-12-21 18:00:00;;;;;75;25;1;SW;10
5005622;2023-12-21 21:00:00;;;;;75;24;1;SW;10
5005622;2023-12-22 00:00:00;;;;;85;25;1;SW;10
5005622;2023-12-22 03:00:00;;;;;65;31;1;N;0
5005622;2023-12-22 06:00:00;;;;;65;31;3;N;0
5005622;2023-12-22 09:00:00;;;;;55;30;3;NW;20
5005622;2023-12-22 12:00:00;25;31;55;85;70;29;3;NW;10
5005622;2023-12-22 15:00:00;;;;;65;27;3;SW;10
5005622;2023-12-22 18:00:00;;;;;75;27;3;SW;10
5005622;2023-12-22 21:00:00;;;;;80;26;3;SW;10
5005622;2023-12-23 00:00:00;;;;;75;27;1;SW;0
5005622;2023-12-23 06:00:00;;;;;75;30;1;N;20
5005622;2023-12-23 12:00:00;25;30;75;90;80;28;1;N;0
5005622;2023-12-23 18:00:00;;;;;90;25;1;SE;0
5005622;2023-12-24 00:00:00;;;;;90;26;1;S;0
5005622;2023-12-24 06:00:00;;;;;80;30;60;N;0
5005622;2023-12-24 12:00:00;25;30;80;95;85;27;1;SW;0
5005622;2023-12-24 18:00:00;;;;;95;25;1;SE;0
5005622;2023-12-25 00:00:00;;;;;95;26;1;SE;0
5005622;2023-12-25 06:00:00;;;;;75;29;1;N;0
5005622;2023-12-25 12:00:00;25;29;75;95;85;27;60;E;10
5005622;2023-12-25 18:00:00;;;;;95;25;60;SE;10
5005622;2023-12-26 00:00:00;;;;;95;25;1;S;10
5005622;2023-12-26 06:00:00;;;;;70;30;1;N;0
5005622;2023-12-26 12:00:00;25;30;70;95;80;28;1;NE;0
5005622;2023-12-26 18:00:00;;;;;90;26;60;E;10
5005621;2023-12-20 00:00:00;;;;;85;25;1;SW;10
5005621;2023-12-20 03:00:00;;;;;55;31;1;NW;10
5005621;2023-12-20 06:00:00;;;;;50;31;1;N;0
5005621;2023-12-20 09:00:00;;;;;65;30;1;NW;20
5005621;2023-12-20 12:00:00;23;31;50;95;70;28;1;W;10
5005621;2023-12-20 15:00:00;;;;;80;25;1;W;10
5005621;2023-12-20 18:00:00;;;;;80;25;1;SW;10
5005621;2023-12-20 21:00:00;;;;;95;23;1;SW;10
5005621;2023-12-21 00:00:00;;;;;90;25;1;SW;10
5005621;2023-12-21 03:00:00;;;;;65;30;1;NW;0
5005621;2023-12-21 06:00:00;;;;;55;31;1;NW;20
5005621;2023-12-21 09:00:00;;;;;55;31;1;NW;20
5005621;2023-12-21 12:00:00;24;31;55;90;55;30;0;W;10
5005621;2023-12-21 15:00:00;;;;;65;27;1;SW;20
5005621;2023-12-21 18:00:00;;;;;75;25;1;SW;10
5005621;2023-12-21 21:00:00;;;;;75;24;1;SW;10
5005621;2023-12-22 00:00:00;;;;;85;25;1;SW;10
5005621;2023-12-22 03:00:00;;;;;65;31;1;N;0
5005621;2023-12-22 06:00:00;;;;;65;31;3;N;0
5005621;2023-12-22 09:00:00;;;;;55;30;3;NW;20
5005621;2023-12-22 12:00:00;25;31;55;85;70;29;3;NW;10
5005621;2023-12-22 15:00:00;;;;;65;27;3;SW;10
5005621;2023-12-22 18:00:00;;;;;75;27;3;SW;10
5005621;2023-12-22 21:00:00;;;;;80;26;3;SW;10
5005621;2023-12-23 00:00:00;;;;;75;27;1;SW;0
5005621;2023-12-23 06:00:00;;;;;75;30;1;N;20
5005621;2023-12-23 12:00:00;25;30;75;90;80;28;1;N;0
5005621;2023-12-23 18:00:00;;;;;90;25;1;SE;0
5005621;2023-12-24 00:00:00;;;;;90;26;1;S;0
5005621;2023-12-24 06:00:00;;;;;80;30;60;N;0
5005621;2023-12-24 12:00:00;25;30;80;95;85;27;1;SW;0
5005621;2023-12-24 18:00:00;;;;;95;25;1;SE;0
5005621;2023-12-25 00:00:00;;;;;95;26;1;SE;0
5005621;2023-12-25 06:00:00;;;;;75;29;1;N;0
5005621;2023-12-25 12:00:00;25;29;75;95;85;27;60;E;10
5005621;2023-12-25 18:00:00;;;;;95;25;60;SE;10
5005621;2023-12-26 00:00:00;;;;;95;25;1;S;10
5005621;2023-12-26 06:00:00;;;;;70;30;1;N;0
5005621;2023-12-26 12:00:00;25;30;70;95;80;28;1;NE;0
5005621;2023-12-26 18:00:00;;;;;90;26;60;E;10
5005609;2023-12-20 00:00:00;;;;;80;26;1;SW;0
5005609;2023-12-20 03:00:00;;;;;50;32;1;W;0
5005609;2023-12-20 06:00:00;;;;;40;35;1;NW;10
5005609;2023-12-20 09:00:00;;;;;55;32;1;N;0
5005609;2023-12-20 12:00:00;23;35;40;95;70;28;1;N;0
5005609;2023-12-20 15:00:00;;;;;75;26;1;SE;10
5005609;2023-12-20 18:00:00;;;;;75;25;1;SW;10
5005609;2023-12-20 21:00:00;;;;;95;23;1;SW;10
5005609;2023-12-21 00:00:00;;;;;90;25;1;SW;10
5005609;2023-12-21 03:00:00;;;;;60;31;1;SW;0
5005609;2023-12-21 06:00:00;;;;;45;34;1;NW;10
5005609;2023-12-21 09:00:00;;;;;45;33;1;NW;10
5005609;2023-12-21 12:00:00;23;34;45;90;55;29;0;W;10
5005609;2023-12-21 15:00:00;;;;;65;26;1;SW;10
5005609;2023-12-21 18:00:00;;;;;75;24;1;SW;0
5005609;2023-12-21 21:00:00;;;;;80;23;1;SW;0
5005609;2023-12-22 00:00:00;;;;;85;26;1;W;0
5005609;2023-12-22 03:00:00;;;;;60;32;1;N;0
5005609;2023-12-22 06:00:00;;;;;50;35;3;NW;10
5005609;2023-12-22 09:00:00;;;;;55;32;3;NW;20
5005609;2023-12-22 12:00:00;26;35;50;85;60;29;3;E;10
5005609;2023-12-22 15:00:00;;;;;70;28;3;SE;10
5005609;2023-12-22 18:00:00;;;;;75;27;3;SW;10
5005609;2023-12-22 21:00:00;;;;;80;26;3;SW;0
5005609;2023-12-23 00:00:00;;;;;80;27;1;W;0
5005609;2023-12-23 06:00:00;;;;;65;31;1;N;10
5005609;2023-12-23 12:00:00;25;31;65;90;80;28;60;NE;10
5005609;2023-12-23 18:00:00;;;;;90;25;1;SE;0
5005609;2023-12-24 00:00:00;;;;;90;26;1;S;0
5005609;2023-12-24 06:00:00;;;;;75;30;1;N;0
5005609;2023-12-24 12:00:00;24;30;75;95;90;26;1;N;0
5005609;2023-12-24 18:00:00;;;;;95;24;60;E;0
5005609;2023-12-25 00:00:00;;;;;95;25;1;SE;0
5005609;2023-12-25 06:00:00;;;;;70;30;1;NW;10
5005609;2023-12-25 12:00:00;24;30;70;95;90;25;60;SE;10
5005609;2023-12-25 18:00:00;;;;;95;24;60;SE;0
5005609;2023-12-26 00:00:00;;;;;95;25;1;S;0
5005609;2023-12-26 06:00:00;;;;;60;32;1;N;0
5005609;2023-12-26 12:00:00;25;32;60;95;80;28;1;E;0
5005609;2023-12-26 18:00:00;;;;;90;25;1;E;0
5005627;2023-12-20 00:00:00;;;;;80;25;1;SW;10
5005627;2023-12-20 03:00:00;;;;;65;30;1;NW;10
5005627;2023-12-20 06:00:00;;;;;55;31;1;N;0
5005627;2023-12-20 09:00:00;;;;;65;30;1;NW;20
5005627;2023-12-20 12:00:00;24;31;55;85;75;29;1;N;0
5005627;2023-12-20 15:00:00;;;;;75;26;1;SW;10
5005627;2023-12-20 18:00:00;;;;;75;26;1;S;10
5005627;2023-12-20 21:00:00;;;;;85;24;1;SW;10
5005627;2023-12-21 00:00:00;;;;;90;25;1;SW;10
5005627;2023-12-21 03:00:00;;;;;70;30;1;NW;10
5005627;2023-12-21 06:00:00;;;;;65;30;1;NW;20
5005627;2023-12-21 09:00:00;;;;;60;30;1;NW;20
5005627;2023-12-21 12:00:00;25;30;55;90;55;30;0;NW;20
5005627;2023-12-21 15:00:00;;;;;60;27;1;SW;20
5005627;2023-12-21 18:00:00;;;;;70;25;1;SW;10
5005627;2023-12-21 21:00:00;;;;;75;25;1;SW;10
5005627;2023-12-22 00:00:00;;;;;85;26;1;SW;10
5005627;2023-12-22 03:00:00;;;;;70;30;1;NW;10
5005627;2023-12-22 06:00:00;;;;;70;30;1;NW;20
5005627;2023-12-22 09:00:00;;;;;65;30;3;NW;20
5005627;2023-12-22 12:00:00;26;30;65;85;65;29;3;NW;0
5005627;2023-12-22 15:00:00;;;;;65;28;3;S;0
5005627;2023-12-22 18:00:00;;;;;80;27;3;S;0
5005627;2023-12-22 21:00:00;;;;;80;26;3;S;10
5005627;2023-12-23 00:00:00;;;;;85;27;1;SE;0
5005627;2023-12-23 06:00:00;;;;;75;30;0;N;20
5005627;2023-12-23 12:00:00;25;30;75;90;80;28;60;NE;0
5005627;2023-12-23 18:00:00;;;;;90;25;1;SE;10
5005627;2023-12-24 00:00:00;;;;;90;26;1;SE;0
5005627;2023-12-24 06:00:00;;;;;80;29;0;N;0
5005627;2023-12-24 12:00:00;25;29;80;90;85;27;1;N;0
5005627;2023-12-24 18:00:00;;;;;90;25;1;SE;0
5005627;2023-12-25 00:00:00;;;;;95;26;1;SE;0
5005627;2023-12-25 06:00:00;;;;;80;29;1;NW;10
5005627;2023-12-25 12:00:00;25;29;80;95;90;26;60;E;10
5005627;2023-12-25 18:00:00;;;;;95;25;1;SE;10
5005627;2023-12-26 00:00:00;;;;;95;26;1;S;10
5005627;2023-12-26 06:00:00;;;;;75;29;1;N;0
5005627;2023-12-26 12:00:00;26;29;75;95;80;28;1;E;0
5005627;2023-12-26 18:00:00;;;;;90;26;3;NE;0
5005597;2023-12-20 00:00:00;;;;;75;25;1;SW;10
5005597;2023-12-20 03:00:00;;;;;50;32;1;W;10
5005597;2023-12-20 06:00:00;;;;;45;34;1;NW;10
5005597;2023-12-20 09:00:00;;;;;55;31;1;N;0
5005597;2023-12-20 12:00:00;23;34;45;85;75;27;1;NE;10
5005597;2023-12-20 15:00:00;;;;;75;26;1;E;10
5005597;2023-12-20 18:00:00;;;;;75;25;1;S;10
5005597;2023-12-20 21:00:00;;;;;85;23;1;SW;10
5005597;2023-12-21 00:00:00;;;;;90;25;1;SW;10
5005597;2023-12-21 03:00:00;;;;;60;31;1;W;0
5005597;2023-12-21 06:00:00;;;;;50;34;1;NW;10
5005597;2023-12-21 09:00:00;;;;;55;32;1;NW;20
5005597;2023-12-21 12:00:00;23;34;50;90;55;29;1;NW;10
5005597;2023-12-21 15:00:00;;;;;65;26;1;S;10
5005597;2023-12-21 18:00:00;;;;;75;24;1;SW;0
5005597;2023-12-21 21:00:00;;;;;75;23;1;SW;10
5005597;2023-12-22 00:00:00;;;;;80;26;1;W;0
5005597;2023-12-22 03:00:00;;;;;65;32;1;N;0
5005597;2023-12-22 06:00:00;;;;;50;34;3;N;0
5005597;2023-12-22 09:00:00;;;;;60;32;3;NW;10
5005597;2023-12-22 12:00:00;25;34;50;80;60;28;3;E;10
5005597;2023-12-22 15:00:00;;;;;70;28;3;SE;10
5005597;2023-12-22 18:00:00;;;;;80;26;3;SW;0
5005597;2023-12-22 21:00:00;;;;;80;25;3;SW;0
5005597;2023-12-23 00:00:00;;;;;85;27;1;N;0
5005597;2023-12-23 06:00:00;;;;;70;31;0;N;0
5005597;2023-12-23 12:00:00;25;31;70;90;80;27;60;N;0
5005597;2023-12-23 18:00:00;;;;;90;25;1;E;0
5005597;2023-12-24 00:00:00;;;;;90;26;0;SE;0
5005597;2023-12-24 06:00:00;;;;;70;31;1;N;0
5005597;2023-12-24 12:00:00;24;31;70;95;90;26;1;NE;0
5005597;2023-12-24 18:00:00;;;;;95;24;60;N;0
5005597;2023-12-25 00:00:00;;;;;95;25;1;SE;0
5005597;2023-12-25 06:00:00;;;;;70;31;1;N;0
5005597;2023-12-25 12:00:00;24;31;70;95;90;25;60;E;0
5005597;2023-12-25 18:00:00;;;;;95;24;60;N;0
5005597;2023-12-26 00:00:00;;;;;95;25;1;S;0
5005597;2023-12-26 06:00:00;;;;;65;31;60;N;0
5005597;2023-12-26 12:00:00;25;31;65;95;85;27;1;E;0
5005597;2023-12-26 18:00:00;;;;;90;25;1;E;0

